,timestamp,open,high,low,close,volume
0,2024-01-02 09:00:00,476.25,476.0,476.0,476.31,20460.0
1,2024-01-02 09:01:00,476.34,476.29,476.29,476.29,6369.0
2,2024-01-02 09:02:00,476.29,476.28,476.28,476.28,6152.0
3,2024-01-02 09:03:00,476.27,476.27,476.27,476.27,369.0
4,2024-01-02 09:05:00,476.2,476.19,476.19,476.19,547.0
5,2024-01-02 09:06:00,476.18,476.18,476.18,476.18,230.0
6,2024-01-02 09:07:00,476.21,476.14,476.14,476.14,5624.0
7,2024-01-02 09:08:00,476.19,476.19,476.19,476.19,107.0
8,2024-01-02 09:10:00,476.13,476.12,476.12,476.12,340.0
9,2024-01-02 09:11:00,476.03,476.02,476.02,476.03,341.0
10,2024-01-02 09:12:00,476.0,476.0,476.0,476.0,425.0
11,2024-01-02 09:16:00,475.87,475.87,475.87,475.88,1446.0
12,2024-01-02 09:19:00,475.81,475.81,475.81,475.81,661.0
13,2024-01-02 09:21:00,475.72,475.7,475.7,475.7,1202.0
14,2024-01-02 09:23:00,475.78,475.78,475.78,475.78,100.0
15,2024-01-02 09:24:00,475.71,475.7,475.7,475.71,2600.0
16,2024-01-02 09:25:00,475.66,475.66,475.66,475.66,552.0
17,2024-01-02 09:26:00,475.7,475.7,475.7,475.7,501.0
18,2024-01-02 09:28:00,475.73,475.73,475.73,475.73,1015.0
19,2024-01-02 09:30:00,475.75,475.75,475.75,475.75,1381.0
20,2024-01-02 09:33:00,475.74,475.74,475.74,475.74,404.0
21,2024-01-02 09:34:00,475.7,475.69,475.69,475.69,5802.0
22,2024-01-02 09:36:00,475.64,475.6,475.6,475.61,1498.0
23,2024-01-02 09:37:00,475.56,475.56,475.56,475.56,558.0
24,2024-01-02 09:38:00,475.52,475.52,475.52,475.56,1340.0
25,2024-01-02 09:39:00,475.54,475.47,475.47,475.48,2613.0
26,2024-01-02 09:40:00,475.4,475.4,475.4,475.4,233.0
27,2024-01-02 09:42:00,475.49,475.49,475.49,475.49,801.0
28,2024-01-02 09:43:00,475.49,475.42,475.42,475.42,2052.0
29,2024-01-02 09:45:00,475.49,475.44,475.44,475.44,1338.0
30,2024-01-02 09:47:00,475.49,475.49,475.49,475.52,1501.0
31,2024-01-02 09:48:00,475.52,475.52,475.52,475.52,501.0
32,2024-01-02 09:51:00,475.42,475.42,475.42,475.42,515.0
33,2024-01-02 09:52:00,475.27,475.27,475.27,475.27,554.0
34,2024-01-02 09:53:00,475.31,475.29,475.29,475.29,700.0
35,2024-01-02 09:54:00,475.3,475.3,475.3,475.3,100.0
36,2024-01-02 09:57:00,475.4,475.4,475.4,475.4,376.0
37,2024-01-02 10:00:00,475.39,475.34,475.34,475.34,1074.0
38,2024-01-02 10:02:00,475.35,475.35,475.35,475.35,220.0
39,2024-01-02 10:05:00,475.35,475.32,475.32,475.43,1466.0
40,2024-01-02 10:09:00,475.3,475.3,475.3,475.3,130.0
41,2024-01-02 10:10:00,475.33,475.33,475.33,475.33,425.0
42,2024-01-02 10:11:00,475.28,475.28,475.28,475.28,518.0
43,2024-01-02 10:12:00,475.17,475.17,475.17,475.17,231.0
44,2024-01-02 10:13:00,475.17,475.17,475.17,475.17,320.0
45,2024-01-02 10:16:00,475.3,475.3,475.3,475.3,231.0
46,2024-01-02 10:18:00,475.31,475.31,475.31,475.31,510.0
47,2024-01-02 10:21:00,475.34,475.34,475.34,475.34,818.0
48,2024-01-02 10:22:00,475.38,475.38,475.38,475.4,1520.0
49,2024-01-02 10:23:00,475.4,475.36,475.36,475.36,1206.0
50,2024-01-02 10:24:00,475.33,475.33,475.33,475.33,470.0
51,2024-01-02 10:27:00,475.25,475.25,475.25,475.25,930.0
52,2024-01-02 10:28:00,475.13,475.13,475.13,475.13,509.0
53,2024-01-02 10:29:00,475.1,475.1,475.1,475.1,676.0
54,2024-01-02 10:31:00,475.24,475.24,475.24,475.24,201.0
55,2024-01-02 10:39:00,475.38,475.38,475.38,475.4,1049.0
56,2024-01-02 10:40:00,475.45,475.45,475.45,475.5,709.0
57,2024-01-02 10:41:00,475.51,475.51,475.51,475.51,808.0
58,2024-01-02 10:42:00,475.47,475.47,475.47,475.47,609.0
59,2024-01-02 10:49:00,475.45,475.45,475.45,475.45,5001.0
60,2024-01-02 10:51:00,475.37,475.32,475.32,475.37,20302.0
61,2024-01-02 10:53:00,475.29,475.29,475.29,475.29,111.0
62,2024-01-02 10:56:00,475.35,475.33,475.33,475.33,1804.0
63,2024-01-02 10:57:00,475.25,475.18,475.18,475.18,1083.0
64,2024-01-02 10:58:00,475.15,475.15,475.15,475.15,446.0
65,2024-01-02 10:59:00,475.1,475.1,475.1,475.1,100.0
66,2024-01-02 11:01:00,475.01,475.01,475.01,475.01,146.0
67,2024-01-02 11:02:00,475.01,475.0,475.0,475.0,988.0
68,2024-01-02 11:04:00,475.01,475.0,475.0,475.01,1833.0
69,2024-01-02 11:05:00,475.07,475.0,475.0,475.0,2899.0
70,2024-01-02 11:06:00,474.96,474.77,474.77,474.77,3200.0
71,2024-01-02 11:07:00,474.81,474.81,474.81,474.81,234.0
72,2024-01-02 11:08:00,474.74,474.61,474.61,474.61,1806.0
73,2024-01-02 11:09:00,474.59,474.59,474.59,474.59,335.0
74,2024-01-02 11:10:00,474.6,474.6,474.6,474.6,414.0
75,2024-01-02 11:11:00,474.65,474.65,474.65,474.66,394.0
76,2024-01-02 11:12:00,474.55,474.55,474.55,474.55,617.0
77,2024-01-02 11:14:00,474.36,474.21,474.21,474.21,1039.0
78,2024-01-02 11:15:00,474.22,473.96,473.96,473.96,5200.0
79,2024-01-02 11:16:00,474.09,473.94,473.94,473.94,1192.0
80,2024-01-02 11:17:00,473.79,473.67,473.67,473.83,4945.0
81,2024-01-02 11:18:00,473.73,473.64,473.64,473.64,1028.0
82,2024-01-02 11:19:00,473.57,473.57,473.57,473.64,2568.0
83,2024-01-02 11:20:00,473.66,473.66,473.66,473.76,1589.0
84,2024-01-02 11:21:00,473.77,473.7,473.7,473.74,1906.0
85,2024-01-02 11:23:00,473.56,473.56,473.56,473.58,588.0
86,2024-01-02 11:24:00,473.55,473.52,473.52,473.52,5274.0
87,2024-01-02 11:26:00,473.64,473.51,473.51,473.51,6491.0
88,2024-01-02 11:27:00,473.33,473.19,473.19,473.2,3887.0
89,2024-01-02 11:28:00,473.24,473.2,473.2,473.3,2063.0
90,2024-01-02 11:29:00,473.3,473.2,473.2,473.2,13059.0
91,2024-01-02 11:30:00,473.2,473.14,473.14,473.18,17832.0
92,2024-01-02 11:31:00,473.18,473.17,473.17,473.17,2549.0
93,2024-01-02 11:32:00,473.11,473.03,473.03,473.03,1529.0
94,2024-01-02 11:33:00,473.07,473.06,473.06,473.16,8625.0
95,2024-01-02 11:34:00,473.15,473.02,473.02,473.02,3918.0
96,2024-01-02 11:35:00,473.01,472.7,472.7,472.7,4170.0
97,2024-01-02 11:36:00,472.81,472.64,472.64,472.64,1016.0
98,2024-01-02 11:37:00,472.59,472.5,472.5,472.58,6578.0
99,2024-01-02 11:38:00,472.59,472.55,472.55,472.59,2765.0
100,2024-01-02 11:39:00,472.61,472.6,472.6,472.72,2776.0
101,2024-01-02 11:40:00,472.79,472.79,472.79,472.79,1549.0
102,2024-01-02 11:41:00,472.84,472.63,472.63,472.63,9107.0
103,2024-01-02 11:42:00,472.63,472.63,472.63,472.63,1037.0
104,2024-01-02 11:43:00,472.6,472.6,472.6,472.64,630.0
105,2024-01-02 11:44:00,472.76,472.75,472.75,472.75,3129.0
106,2024-01-02 11:46:00,472.78,472.78,472.78,472.9,3095.0
107,2024-01-02 11:47:00,472.95,472.93,472.93,472.96,6824.0
108,2024-01-02 11:48:00,472.95,472.95,472.95,472.98,1101.0
109,2024-01-02 11:49:00,472.95,472.95,472.95,473.0,5558.0
110,2024-01-02 11:50:00,472.95,472.87,472.87,472.87,2260.0
111,2024-01-02 11:53:00,472.84,472.83,472.83,472.9,3909.0
112,2024-01-02 11:54:00,472.91,472.9,472.9,472.91,749.0
113,2024-01-02 11:55:00,472.99,472.96,472.96,472.96,889.0
114,2024-01-02 11:58:00,473.1,473.1,473.1,473.17,663.0
115,2024-01-02 12:00:00,473.05,472.96,472.96,472.96,6163.0
116,2024-01-02 12:01:00,472.96,472.83,472.83,472.85,5110.0
117,2024-01-02 12:02:00,472.93,472.85,472.85,472.9,2217.0
118,2024-01-02 12:03:00,472.86,472.86,472.86,472.86,770.0
119,2024-01-02 12:04:00,472.81,472.81,472.81,472.81,443.0
120,2024-01-02 12:05:00,472.82,472.68,472.68,472.68,7950.0
121,2024-01-02 12:06:00,472.67,472.57,472.57,472.57,6013.0
122,2024-01-02 12:07:00,472.59,472.57,472.57,472.66,1834.0
123,2024-01-02 12:08:00,472.62,472.62,472.62,472.64,2504.0
124,2024-01-02 12:09:00,472.78,472.76,472.76,472.8,17840.0
125,2024-01-02 12:10:00,472.78,472.77,472.77,472.829,7523.0
126,2024-01-02 12:11:00,472.88,472.84,472.84,472.9,38469.0
127,2024-01-02 12:12:00,472.93,472.91,472.91,472.92,16832.0
128,2024-01-02 12:13:00,472.79,472.79,472.79,472.81,5743.0
129,2024-01-02 12:14:00,472.809,472.8,472.8,472.88,1399.0
130,2024-01-02 12:15:00,472.9,472.74,472.74,472.74,2292.0
131,2024-01-02 12:16:00,472.6,472.59,472.59,472.6,14467.0
132,2024-01-02 12:17:00,472.64,472.62,472.62,472.66,1384.0
133,2024-01-02 12:18:00,472.64,472.56,472.56,472.57,4776.0
134,2024-01-02 12:19:00,472.58,472.56,472.56,472.56,761.0
135,2024-01-02 12:20:00,472.54,472.54,472.54,472.54,648.0
136,2024-01-02 12:21:00,472.63,472.5,472.5,472.5,10207.0
137,2024-01-02 12:22:00,472.58,472.56,472.56,472.67,38385.0
138,2024-01-02 12:23:00,472.7,472.7,472.7,472.72,8108.0
139,2024-01-02 12:24:00,472.77,472.77,472.77,472.78,7681.0
140,2024-01-02 12:25:00,472.7,472.6,472.6,472.6,12649.0
141,2024-01-02 12:26:00,472.7,472.7,472.7,472.77,4845.0
142,2024-01-02 12:27:00,472.74,472.74,472.74,472.75,934.0
143,2024-01-02 12:28:00,472.73,472.61,472.61,472.61,3929.0
144,2024-01-02 12:29:00,472.64,472.64,472.64,472.66,1070.0
145,2024-01-02 12:30:00,472.64,472.64,472.64,472.64,761.0
146,2024-01-02 12:31:00,472.63,472.63,472.63,472.66,1012.0
147,2024-01-02 12:32:00,472.66,472.55,472.55,472.58,5367.0
148,2024-01-02 12:33:00,472.61,472.61,472.61,472.65,1262.0
149,2024-01-02 12:34:00,472.66,472.62,472.62,472.63,1975.0
150,2024-01-02 12:35:00,472.61,472.61,472.61,472.61,789.0
151,2024-01-02 12:36:00,472.62,472.57,472.57,472.57,1738.0
152,2024-01-02 12:37:00,472.5,472.45,472.45,472.45,3726.0
153,2024-01-02 12:39:00,472.4,472.4,472.4,472.44,1465.0
154,2024-01-02 12:40:00,472.39,472.36,472.36,472.37,2675.0
155,2024-01-02 12:41:00,472.39,472.38,472.38,472.5,6331.0
156,2024-01-02 12:42:00,472.52,472.48,472.48,472.53,3833.0
157,2024-01-02 12:43:00,472.56,472.5,472.5,472.5,1616.0
158,2024-01-02 12:44:00,472.42,472.42,472.42,472.42,360.0
159,2024-01-02 12:45:00,472.48,472.47,472.47,472.48,2077.0
160,2024-01-02 12:46:00,472.45,472.45,472.45,472.45,597.0
161,2024-01-02 12:47:00,472.35,472.35,472.35,472.36,955.0
162,2024-01-02 12:48:00,472.36,472.34,472.34,472.36,1573.0
163,2024-01-02 12:49:00,472.34,472.34,472.34,472.34,1786.0
164,2024-01-02 12:50:00,472.31,472.14,472.14,472.14,33990.0
165,2024-01-02 12:51:00,472.15,472.13,472.13,472.18,33238.0
166,2024-01-02 12:52:00,472.21,472.17,472.17,472.17,1648.0
167,2024-01-02 12:53:00,472.16,472.02,472.02,472.04,13753.0
168,2024-01-02 12:54:00,472.02,472.01,472.01,472.02,3406.0
169,2024-01-02 12:55:00,472.0,471.96,471.96,471.96,13054.0
170,2024-01-02 12:56:00,471.96,471.96,471.96,471.98,13494.0
171,2024-01-02 12:57:00,471.96,471.7,471.7,471.739,26247.0
172,2024-01-02 12:58:00,471.75,471.72,471.72,471.83,5931.0
173,2024-01-02 12:59:00,471.8,471.78,471.78,471.79,5212.0
174,2024-01-02 13:00:00,473.0699,471.66,471.66,471.92,98305.0
175,2024-01-02 13:01:00,475.9,471.77,471.77,471.9,42274.0
176,2024-01-02 13:02:00,471.9,471.9,471.9,476.35,26090.0
177,2024-01-02 13:03:00,472.01,471.9,471.9,471.96,15910.0
178,2024-01-02 13:04:00,471.96,471.93,471.93,471.97,12247.0
179,2024-01-02 13:05:00,471.99,471.98,471.98,472.07,11520.0
180,2024-01-02 13:06:00,472.04,472.0,472.0,472.0,4461.0
181,2024-01-02 13:07:00,471.9799,471.921,471.921,471.93,3163.0
182,2024-01-02 13:08:00,471.87,471.86,471.86,471.89,29733.0
183,2024-01-02 13:09:00,471.97,471.97,471.97,472.0,1979.0
184,2024-01-02 13:10:00,471.9,471.8,471.8,471.85,2994.0
185,2024-01-02 13:11:00,471.83,471.79,471.79,471.9,21614.0
186,2024-01-02 13:12:00,471.93,471.8,471.8,471.8,3702.0
187,2024-01-02 13:13:00,471.81,471.7,471.7,471.77,12154.0
188,2024-01-02 13:14:00,471.73,471.69,471.69,471.69,1018.0
189,2024-01-02 13:15:00,471.66,471.65,471.65,471.74,5745.0
190,2024-01-02 13:16:00,471.75,471.72,471.72,471.72,2256.0
191,2024-01-02 13:17:00,471.68,471.68,471.68,471.77,2971.0
192,2024-01-02 13:18:00,471.67,471.67,471.67,471.77,5077.0
193,2024-01-02 13:19:00,471.76,471.73,471.73,471.75,11670.0
194,2024-01-02 13:20:00,471.76,471.7,471.7,471.74,9854.0
195,2024-01-02 13:21:00,471.72,471.66,471.66,471.68,3273.0
196,2024-01-02 13:22:00,471.67,471.67,471.67,471.77,4466.0
197,2024-01-02 13:23:00,471.79,471.78,471.78,471.8,13324.0
198,2024-01-02 13:24:00,471.8,471.74,471.74,471.74,11717.0
199,2024-01-02 13:25:00,471.75,471.75,471.75,471.87,3084.0
200,2024-01-02 13:26:00,471.9,471.88,471.88,471.88,6971.0
201,2024-01-02 13:27:00,471.82,471.73,471.73,471.77,1562.0
202,2024-01-02 13:28:00,471.77,471.75,471.75,471.8,5673.0
203,2024-01-02 13:29:00,471.8,471.76,471.76,471.76,334.0
204,2024-01-02 13:30:00,471.75,471.64,471.64,471.8,9557.0
205,2024-01-02 13:31:00,471.8,471.8,471.8,472.0,15835.0
206,2024-01-02 13:32:00,472.08,472.06,472.06,472.14,16235.0
207,2024-01-02 13:33:00,472.16,472.16,472.16,472.22,17655.0
208,2024-01-02 13:34:00,472.24,472.24,472.24,472.28,5951.0
209,2024-01-02 13:35:00,472.29,472.22,472.22,472.23,6226.0
210,2024-01-02 13:36:00,472.14,472.06,472.06,472.09,3997.0
211,2024-01-02 13:37:00,472.07,471.89,471.89,471.95,5844.0
212,2024-01-02 13:38:00,471.939,471.92,471.92,471.92,1533.0
213,2024-01-02 13:39:00,471.92,471.92,471.92,472.01,6290.0
214,2024-01-02 13:40:00,472.04,472.02,472.02,472.08,3001.0
215,2024-01-02 13:41:00,472.11,472.02,472.02,472.07,6372.0
216,2024-01-02 13:42:00,472.09,472.06,472.06,472.06,1142.0
217,2024-01-02 13:43:00,472.07,472.06,472.06,472.1,2287.0
218,2024-01-02 13:44:00,472.1,472.08,472.08,472.11,2362.0
219,2024-01-02 13:45:00,472.1,472.03,472.03,472.05,2691.0
220,2024-01-02 13:46:00,472.05,471.96,471.96,471.97,22151.0
221,2024-01-02 13:47:00,471.99,471.95,471.95,471.95,7588.0
222,2024-01-02 13:48:00,471.94,471.85,471.85,471.85,7048.0
223,2024-01-02 13:49:00,471.89,471.89,471.89,471.98,777.0
224,2024-01-02 13:50:00,471.95,471.82,471.82,471.8895,1917.0
225,2024-01-02 13:51:00,471.88,471.88,471.88,471.89,7899.0
226,2024-01-02 13:52:00,471.86,471.85,471.85,471.9,7113.0
227,2024-01-02 13:53:00,471.92,471.91,471.91,471.95,1439.0
228,2024-01-02 13:54:00,471.94,471.93,471.93,471.96,4738.0
229,2024-01-02 13:55:00,471.94,471.94,471.94,471.96,4025.0
230,2024-01-02 13:56:00,471.98,471.98,471.98,472.0,2202.0
231,2024-01-02 13:57:00,472.02,471.99,471.99,472.05,3917.0
232,2024-01-02 13:58:00,472.05,472.05,472.05,472.12,1381.0
233,2024-01-02 13:59:00,472.08,472.01,472.01,472.03,14497.0
234,2024-01-02 14:00:00,472.09,472.09,472.09,472.11,2442.0
235,2024-01-02 14:01:00,472.1,472.09,472.09,472.11,888.0
236,2024-01-02 14:02:00,472.12,472.0,472.0,472.0,4394.0
237,2024-01-02 14:03:00,471.94,471.84,471.84,471.84,9974.0
238,2024-01-02 14:04:00,471.83,471.54,471.54,471.54,40236.0
239,2024-01-02 14:05:00,471.54,471.54,471.54,471.7,9948.0
240,2024-01-02 14:06:00,471.7,471.63,471.63,471.75,6320.0
241,2024-01-02 14:07:00,471.86,471.85,471.85,472.04,39238.0
242,2024-01-02 14:08:00,472.01,472.01,472.01,472.08,9203.0
243,2024-01-02 14:09:00,472.08,472.08,472.08,472.16,10961.0
244,2024-01-02 14:10:00,472.14,472.1395,472.1395,472.17,11208.0
245,2024-01-02 14:11:00,472.17,472.01,472.01,472.1,13796.0
246,2024-01-02 14:12:00,472.14,472.12,472.12,472.19,23280.0
247,2024-01-02 14:13:00,472.19,472.19,472.19,472.2,17789.0
248,2024-01-02 14:14:00,472.25,472.24,472.24,472.24,8753.0
249,2024-01-02 14:15:00,472.25,472.22,472.22,472.22,11845.0
250,2024-01-02 14:16:00,472.24,472.24,472.24,472.24,5047.0
251,2024-01-02 14:17:00,472.27,472.25,472.25,472.29,43367.0
252,2024-01-02 14:18:00,472.27,472.27,472.27,472.32,16307.0
253,2024-01-02 14:19:00,472.3,472.25,472.25,472.25,10051.0
254,2024-01-02 14:20:00,472.3,472.23,472.23,472.26,19207.0
255,2024-01-02 14:21:00,472.2701,472.23,472.23,472.28,7272.0
256,2024-01-02 14:22:00,472.28,472.26,472.26,472.26,19511.0
257,2024-01-02 14:23:00,472.27,472.27,472.27,472.44,24912.0
258,2024-01-02 14:24:00,472.45,472.37,472.37,472.39,13625.0
259,2024-01-02 14:25:00,472.4,472.25,472.25,472.32,41331.0
260,2024-01-02 14:26:00,472.32,472.28,472.28,472.3,37324.0
261,2024-01-02 14:27:00,472.33,472.2,472.2,472.25,31243.0
262,2024-01-02 14:28:00,472.24,472.12,472.12,472.14,35381.0
263,2024-01-02 14:29:00,472.14,472.1,472.1,472.16,62472.0
264,2024-01-02 14:30:00,472.16,472.05,472.05,472.53,1190522.0
265,2024-01-02 14:31:00,472.53,472.365,472.365,472.6812,756655.0
266,2024-01-02 14:32:00,472.68,472.65,472.65,472.78,693889.0
267,2024-01-02 14:33:00,472.76,472.48,472.48,472.69,404264.0
268,2024-01-02 14:34:00,472.685,472.55,472.55,472.67,250698.0
269,2024-01-02 14:35:00,472.67,472.48,472.48,472.65,267034.0
270,2024-01-02 14:36:00,472.64,472.53,472.53,472.635,317003.0
271,2024-01-02 14:37:00,472.62,472.45,472.45,472.47,209838.0
272,2024-01-02 14:38:00,472.46,472.01,472.01,472.08,553233.0
273,2024-01-02 14:39:00,472.09,471.88,471.88,471.92,355159.0
274,2024-01-02 14:40:00,471.92,471.71,471.71,471.83,392414.0
275,2024-01-02 14:41:00,471.825,471.775,471.775,471.85,330467.0
276,2024-01-02 14:42:00,471.845,471.795,471.795,471.805,383213.0
277,2024-01-02 14:43:00,471.81,471.73,471.73,471.77,396411.0
278,2024-01-02 14:44:00,471.765,471.73,471.73,471.8,239821.0
279,2024-01-02 14:45:00,471.79,471.72,471.72,471.77,239913.0
280,2024-01-02 14:46:00,471.78,471.75,471.75,471.94,398107.0
281,2024-01-02 14:47:00,471.95,471.75,471.75,471.775,187730.0
282,2024-01-02 14:48:00,471.78,471.43,471.43,471.458,340111.0
283,2024-01-02 14:49:00,471.45,471.39,471.39,471.39,342867.0
284,2024-01-02 14:50:00,471.395,471.36,471.36,471.7157,341355.0
285,2024-01-02 14:51:00,471.71,471.62,471.62,471.88,414280.0
286,2024-01-02 14:52:00,471.875,471.58,471.58,471.6699,340834.0
287,2024-01-02 14:53:00,471.66,471.48,471.48,471.485,236810.0
288,2024-01-02 14:54:00,471.49,471.4,471.4,471.42,210803.0
289,2024-01-02 14:55:00,471.425,471.39,471.39,471.52,465913.0
290,2024-01-02 14:56:00,471.53,471.41,471.41,471.45,453454.0
291,2024-01-02 14:57:00,471.44,471.44,471.44,471.725,629880.0
292,2024-01-02 14:58:00,471.73,471.73,471.73,471.99,325060.0
293,2024-01-02 14:59:00,472.0,471.92,471.92,472.27,263197.0
294,2024-01-02 15:00:00,472.275,472.135,472.135,472.46,414610.0
295,2024-01-02 15:01:00,472.46,472.37,472.37,472.54,203703.0
296,2024-01-02 15:02:00,472.54,472.47,472.47,472.515,161592.0
297,2024-01-02 15:03:00,472.54,472.5,472.5,472.58,127841.0
298,2024-01-02 15:04:00,472.57,472.46,472.46,472.556,225236.0
299,2024-01-02 15:05:00,472.56,472.35,472.35,472.37,164276.0
300,2024-01-02 15:06:00,472.38,472.3,472.3,472.46,116188.0
301,2024-01-02 15:07:00,472.46,472.25,472.25,472.26,155747.0
302,2024-01-02 15:08:00,472.25,471.98,471.98,472.09,316336.0
303,2024-01-02 15:09:00,472.09,472.09,472.09,472.29,160817.0
304,2024-01-02 15:10:00,472.3,472.15,472.15,472.1696,235630.0
305,2024-01-02 15:11:00,472.17,472.11,472.11,472.16,129860.0
306,2024-01-02 15:12:00,472.15,472.13,472.13,472.37,164994.0
307,2024-01-02 15:13:00,472.365,472.325,472.325,472.39,371384.0
308,2024-01-02 15:14:00,472.395,472.01,472.01,472.1199,128999.0
309,2024-01-02 15:15:00,472.12,471.96,471.96,472.02,356924.0
310,2024-01-02 15:16:00,472.0,471.98,471.98,472.056,120514.0
311,2024-01-02 15:17:00,472.06,471.98,471.98,472.185,116341.0
312,2024-01-02 15:18:00,472.17,472.065,472.065,472.105,124823.0
313,2024-01-02 15:19:00,472.11,472.06,472.06,472.06,102840.0
314,2024-01-02 15:20:00,472.06,472.02,472.02,472.15,162884.0
315,2024-01-02 15:21:00,472.14,472.13,472.13,472.245,149889.0
316,2024-01-02 15:22:00,472.27,472.21,472.21,472.24,115831.0
317,2024-01-02 15:23:00,472.25,472.2,472.2,472.38,125058.0
318,2024-01-02 15:24:00,472.38,472.2,472.2,472.225,270143.0
319,2024-01-02 15:25:00,472.23,472.08,472.08,472.08,156439.0
320,2024-01-02 15:26:00,472.08,471.74,471.74,471.74,212864.0
321,2024-01-02 15:27:00,471.745,471.725,471.725,471.84,189544.0
322,2024-01-02 15:28:00,471.831,471.59,471.59,471.66,419928.0
323,2024-01-02 15:29:00,471.65,471.65,471.65,471.76,108515.0
324,2024-01-02 15:30:00,471.77,471.4899,471.4899,471.5,223224.0
325,2024-01-02 15:31:00,471.505,471.45,471.45,471.4799,196061.0
326,2024-01-02 15:32:00,471.4796,471.4,471.4,471.4113,377918.0
327,2024-01-02 15:33:00,471.41,471.4097,471.4097,471.4696,114603.0
328,2024-01-02 15:34:00,471.47,471.47,471.47,471.515,120214.0
329,2024-01-02 15:35:00,471.515,471.42,471.42,471.49,133201.0
330,2024-01-02 15:36:00,471.48,471.41,471.41,471.4201,98756.0
331,2024-01-02 15:37:00,471.42,471.37,471.37,471.37,137073.0
332,2024-01-02 15:38:00,471.3786,471.3,471.3,471.35,186284.0
333,2024-01-02 15:39:00,471.35,471.3399,471.3399,471.515,211636.0
334,2024-01-02 15:40:00,471.51,471.48,471.48,471.66,190321.0
335,2024-01-02 15:41:00,471.65,471.51,471.51,471.56,178841.0
336,2024-01-02 15:42:00,471.56,471.54,471.54,471.61,118622.0
337,2024-01-02 15:43:00,471.62,471.58,471.58,471.7605,147752.0
338,2024-01-02 15:44:00,471.7688,471.76,471.76,471.8601,160559.0
339,2024-01-02 15:45:00,471.87,471.8,471.8,471.96,93337.0
340,2024-01-02 15:46:00,471.95,471.81,471.81,471.86,132114.0
341,2024-01-02 15:47:00,471.85,471.56,471.56,471.76,193578.0
342,2024-01-02 15:48:00,471.75,471.71,471.71,471.84,102757.0
343,2024-01-02 15:49:00,471.8399,471.62,471.62,471.67,103923.0
344,2024-01-02 15:50:00,471.6698,471.6,471.6,471.655,113987.0
345,2024-01-02 15:51:00,471.66,471.605,471.605,471.83,98541.0
346,2024-01-02 15:52:00,471.82,471.73,471.73,471.82,98312.0
347,2024-01-02 15:53:00,471.82,471.66,471.66,471.66,147372.0
348,2024-01-02 15:54:00,471.65,471.62,471.62,471.7,66024.0
349,2024-01-02 15:55:00,471.7,471.61,471.61,471.68,92938.0
350,2024-01-02 15:56:00,471.69,471.69,471.69,471.725,77648.0
351,2024-01-02 15:57:00,471.72,471.53,471.53,471.53,135056.0
352,2024-01-02 15:58:00,471.53,471.4701,471.4701,471.595,120448.0
353,2024-01-02 15:59:00,471.6,471.55,471.55,471.68,94457.0
354,2024-01-02 16:00:00,471.67,471.63,471.63,471.84,194472.0
355,2024-01-02 16:01:00,471.85,471.74,471.74,471.79,178862.0
356,2024-01-02 16:02:00,471.78,471.735,471.735,471.89,77124.0
357,2024-01-02 16:03:00,471.89,471.79,471.79,471.86,94678.0
358,2024-01-02 16:04:00,471.86,471.85,471.85,472.105,165284.0
359,2024-01-02 16:05:00,472.1,471.97,471.97,471.97,144132.0
360,2024-01-02 16:06:00,471.975,471.78,471.78,471.98,154062.0
361,2024-01-02 16:07:00,471.97,471.86,471.86,471.8799,105043.0
362,2024-01-02 16:08:00,471.88,471.86,471.86,471.97,80552.0
363,2024-01-02 16:09:00,471.98,471.98,471.98,472.1812,92700.0
364,2024-01-02 16:10:00,472.1875,472.17,472.17,472.32,219361.0
365,2024-01-02 16:11:00,472.32,472.31,472.31,472.39,138910.0
366,2024-01-02 16:12:00,472.38,472.19,472.19,472.19,104740.0
367,2024-01-02 16:13:00,472.18,471.96,471.96,472.04,139704.0
368,2024-01-02 16:14:00,472.0399,472.035,472.035,472.16,111982.0
369,2024-01-02 16:15:00,472.16,472.147,472.147,472.32,117112.0
370,2024-01-02 16:16:00,472.31,472.2,472.2,472.22,136122.0
371,2024-01-02 16:17:00,472.23,472.14,472.14,472.2182,146753.0
372,2024-01-02 16:18:00,472.21,472.17,472.17,472.19,79146.0
373,2024-01-02 16:19:00,472.17,472.07,472.07,472.22,156613.0
374,2024-01-02 16:20:00,472.21,472.075,472.075,472.08,107475.0
375,2024-01-02 16:21:00,472.08,472.0786,472.0786,472.15,61554.0
376,2024-01-02 16:22:00,472.1389,472.08,472.08,472.24,369458.0
377,2024-01-02 16:23:00,472.23,472.1,472.1,472.11,318589.0
378,2024-01-02 16:24:00,472.11,471.98,471.98,472.085,154326.0
379,2024-01-02 16:25:00,472.1,472.02,472.02,472.1,110305.0
380,2024-01-02 16:26:00,472.11,472.09,472.09,472.1299,118989.0
381,2024-01-02 16:27:00,472.14,472.095,472.095,472.153,91246.0
382,2024-01-02 16:28:00,472.15,472.1399,472.1399,472.23,137865.0
383,2024-01-02 16:29:00,472.23,472.2101,472.2101,472.33,91407.0
384,2024-01-02 16:30:00,472.32,472.27,472.27,472.4,154044.0
385,2024-01-02 16:31:00,472.4,472.34,472.34,472.41,91354.0
386,2024-01-02 16:32:00,472.41,472.38,472.38,472.519,186741.0
387,2024-01-02 16:33:00,472.51,472.48,472.48,472.579,146692.0
388,2024-01-02 16:34:00,472.57,472.55,472.55,472.6,81760.0
389,2024-01-02 16:35:00,472.6,472.39,472.39,472.49,148100.0
390,2024-01-02 16:36:00,472.49,472.41,472.41,472.51,73697.0
391,2024-01-02 16:37:00,472.51,472.49,472.49,472.605,63139.0
392,2024-01-02 16:38:00,472.61,472.475,472.475,472.5299,48011.0
393,2024-01-02 16:39:00,472.53,472.41,472.41,472.43,324839.0
394,2024-01-02 16:40:00,472.42,472.37,472.37,472.41,93170.0
395,2024-01-02 16:41:00,472.42,472.37,472.37,472.46,94905.0
396,2024-01-02 16:42:00,472.47,472.45,472.45,472.5599,120105.0
397,2024-01-02 16:43:00,472.559,472.535,472.535,472.6,96723.0
398,2024-01-02 16:44:00,472.6001,472.54,472.54,472.665,66998.0
399,2024-01-02 16:45:00,472.66,472.61,472.61,472.86,183348.0
400,2024-01-02 16:46:00,472.87,472.79,472.79,473.06,606253.0
401,2024-01-02 16:47:00,473.05,472.98,472.98,473.055,98708.0
402,2024-01-02 16:48:00,473.05,472.93,472.93,472.95,113507.0
403,2024-01-02 16:49:00,472.96,472.945,472.945,473.0999,101251.0
404,2024-01-02 16:50:00,473.095,473.0136,473.0136,473.02,70157.0
405,2024-01-02 16:51:00,473.02,473.02,473.02,473.11,162942.0
406,2024-01-02 16:52:00,473.12,472.96,472.96,472.96,195955.0
407,2024-01-02 16:53:00,472.96,472.86,472.86,473.05,184112.0
408,2024-01-02 16:54:00,473.045,473.0,473.0,473.021,85756.0
409,2024-01-02 16:55:00,473.03,473.0,473.0,473.1,125205.0
410,2024-01-02 16:56:00,473.1,473.1,473.1,473.17,174563.0
411,2024-01-02 16:57:00,473.165,473.11,473.11,473.16,82926.0
412,2024-01-02 16:58:00,473.1601,473.09,473.09,473.1,63361.0
413,2024-01-02 16:59:00,473.105,473.05,473.05,473.185,85814.0
414,2024-01-02 17:00:00,473.19,473.18,473.18,473.26,114849.0
415,2024-01-02 17:01:00,473.26,473.24,473.24,473.28,71512.0
416,2024-01-02 17:02:00,473.26,473.14,473.14,473.21,86912.0
417,2024-01-02 17:03:00,473.21,473.155,473.155,473.189,62334.0
418,2024-01-02 17:04:00,473.19,473.185,473.185,473.23,50486.0
419,2024-01-02 17:05:00,473.21,473.2,473.2,473.22,106757.0
420,2024-01-02 17:06:00,473.22,473.11,473.11,473.16,64183.0
421,2024-01-02 17:07:00,473.16,473.16,473.16,473.23,44580.0
422,2024-01-02 17:08:00,473.23,473.21,473.21,473.2499,139260.0
423,2024-01-02 17:09:00,473.25,473.135,473.135,473.185,68368.0
424,2024-01-02 17:10:00,473.17,473.14,473.14,473.27,98712.0
425,2024-01-02 17:11:00,473.27,473.2,473.2,473.3,583615.0
426,2024-01-02 17:12:00,473.3,473.18,473.18,473.19,632202.0
427,2024-01-02 17:13:00,473.1883,473.14,473.14,473.23,331364.0
428,2024-01-02 17:14:00,473.235,473.21,473.21,473.26,52978.0
429,2024-01-02 17:15:00,473.26,473.14,473.14,473.14,112554.0
430,2024-01-02 17:16:00,473.145,473.01,473.01,473.05,237116.0
431,2024-01-02 17:17:00,473.06,472.77,472.77,472.91,246131.0
432,2024-01-02 17:18:00,472.91,472.84,472.84,472.94,78506.0
433,2024-01-02 17:19:00,472.935,472.88,472.88,473.02,104897.0
434,2024-01-02 17:20:00,473.03,472.91,472.91,473.12,167784.0
435,2024-01-02 17:21:00,473.109,473.109,473.109,473.21,112166.0
436,2024-01-02 17:22:00,473.21,472.96,472.96,473.015,407193.0
437,2024-01-02 17:23:00,473.02,472.945,472.945,472.995,98873.0
438,2024-01-02 17:24:00,473.01,472.93,472.93,473.025,112513.0
439,2024-01-02 17:25:00,473.01,472.91,472.91,473.06,96425.0
440,2024-01-02 17:26:00,473.065,472.98,472.98,472.995,65947.0
441,2024-01-02 17:27:00,473.005,472.93,472.93,473.07,56999.0
442,2024-01-02 17:28:00,473.07,473.02,473.02,473.095,111289.0
443,2024-01-02 17:29:00,473.09,472.965,472.965,472.975,63316.0
444,2024-01-02 17:30:00,472.975,472.94,472.94,472.955,90368.0
445,2024-01-02 17:31:00,472.96,472.95,472.95,473.055,330853.0
446,2024-01-02 17:32:00,473.06,473.05,473.05,473.16,121336.0
447,2024-01-02 17:33:00,473.155,473.1091,473.1091,473.14,95885.0
448,2024-01-02 17:34:00,473.14,473.12,473.12,473.215,60309.0
449,2024-01-02 17:35:00,473.22,473.19,473.19,473.28,88742.0
450,2024-01-02 17:36:00,473.28,473.24,473.24,473.33,107785.0
451,2024-01-02 17:37:00,473.34,473.3,473.3,473.3999,101978.0
452,2024-01-02 17:38:00,473.4,473.39,473.39,473.485,116395.0
453,2024-01-02 17:39:00,473.49,473.425,473.425,473.49,50818.0
454,2024-01-02 17:40:00,473.5,473.5,473.5,473.6,429653.0
455,2024-01-02 17:41:00,473.6,473.54,473.54,473.58,49143.0
456,2024-01-02 17:42:00,473.595,473.5,473.5,473.53,112368.0
457,2024-01-02 17:43:00,473.52,473.4318,473.4318,473.5,86521.0
458,2024-01-02 17:44:00,473.5,473.45,473.45,473.5,38408.0
459,2024-01-02 17:45:00,473.49,473.29,473.29,473.305,89276.0
460,2024-01-02 17:46:00,473.31,473.26,473.26,473.29,93279.0
461,2024-01-02 17:47:00,473.29,473.18,473.18,473.1933,90897.0
462,2024-01-02 17:48:00,473.2,472.88,472.88,472.995,149846.0
463,2024-01-02 17:49:00,472.981,472.9299,472.9299,473.05,159104.0
464,2024-01-02 17:50:00,473.05,472.865,472.865,472.93,112130.0
465,2024-01-02 17:51:00,472.94,472.7399,472.7399,472.83,597812.0
466,2024-01-02 17:52:00,472.84,472.8,472.8,472.84,139453.0
467,2024-01-02 17:53:00,472.84,472.84,472.84,472.86,97407.0
468,2024-01-02 17:54:00,472.87,472.815,472.815,472.85,80335.0
469,2024-01-02 17:55:00,472.86,472.6,472.6,472.68,230382.0
470,2024-01-02 17:56:00,472.67,472.6088,472.6088,472.7199,171061.0
471,2024-01-02 17:57:00,472.72,472.65,472.65,472.69,55983.0
472,2024-01-02 17:58:00,472.69,472.599,472.599,472.62,340325.0
473,2024-01-02 17:59:00,472.62,472.59,472.59,472.65,73832.0
474,2024-01-02 18:00:00,472.65,472.533,472.533,472.57,90465.0
475,2024-01-02 18:01:00,472.57,472.525,472.525,472.59,92337.0
476,2024-01-02 18:02:00,472.6,472.41,472.41,472.51,131572.0
477,2024-01-02 18:03:00,472.51,472.48,472.48,472.51,83016.0
478,2024-01-02 18:04:00,472.51,472.43,472.43,472.52,81312.0
479,2024-01-02 18:05:00,472.52,472.5,472.5,472.548,66611.0
480,2024-01-02 18:06:00,472.55,472.455,472.455,472.47,85481.0
481,2024-01-02 18:07:00,472.48,472.4399,472.4399,472.48,69926.0
482,2024-01-02 18:08:00,472.49,472.39,472.39,472.42,153506.0
483,2024-01-02 18:09:00,472.42,472.31,472.31,472.377,98881.0
484,2024-01-02 18:10:00,472.37,472.28,472.28,472.47,148092.0
485,2024-01-02 18:11:00,472.47,472.41,472.41,472.5198,92544.0
486,2024-01-02 18:12:00,472.52,472.465,472.465,472.52,95883.0
487,2024-01-02 18:13:00,472.53,472.49,472.49,472.61,89288.0
488,2024-01-02 18:14:00,472.61,472.5599,472.5599,472.6105,116229.0
489,2024-01-02 18:15:00,472.615,472.54,472.54,472.62,372606.0
490,2024-01-02 18:16:00,472.62,472.49,472.49,472.54,130873.0
491,2024-01-02 18:17:00,472.53,472.5,472.5,472.64,69892.0
492,2024-01-02 18:18:00,472.645,472.6301,472.6301,472.745,101100.0
493,2024-01-02 18:19:00,472.745,472.64,472.64,472.69,62517.0
494,2024-01-02 18:20:00,472.6993,472.64,472.64,472.685,66592.0
495,2024-01-02 18:21:00,472.68,472.6,472.6,472.66,58082.0
496,2024-01-02 18:22:00,472.66,472.53,472.53,472.57,63485.0
497,2024-01-02 18:23:00,472.5799,472.55,472.55,472.5995,58826.0
498,2024-01-02 18:24:00,472.599,472.599,472.599,472.77,116527.0
499,2024-01-02 18:25:00,472.74,472.7001,472.7001,472.74,49715.0
500,2024-01-02 18:26:00,472.74,472.735,472.735,472.91,98778.0
501,2024-01-02 18:27:00,472.91,472.735,472.735,472.75,134234.0
502,2024-01-02 18:28:00,472.7432,472.73,472.73,472.79,67616.0
503,2024-01-02 18:29:00,472.8,472.65,472.65,472.6605,86943.0
504,2024-01-02 18:30:00,472.66,472.545,472.545,472.66,656237.0
505,2024-01-02 18:31:00,472.655,472.51,472.51,472.6,182311.0
506,2024-01-02 18:32:00,472.59,472.45,472.45,472.5375,133004.0
507,2024-01-02 18:33:00,472.535,472.53,472.53,472.68,74490.0
508,2024-01-02 18:34:00,472.67,472.63,472.63,472.8099,71356.0
509,2024-01-02 18:35:00,472.79,472.72,472.72,472.91,347218.0
510,2024-01-02 18:36:00,472.895,472.82,472.82,472.82,476372.0
511,2024-01-02 18:37:00,472.83,472.74,472.74,472.81,90149.0
512,2024-01-02 18:38:00,472.81,472.81,472.81,472.85,127136.0
513,2024-01-02 18:39:00,472.855,472.7997,472.7997,472.8708,115147.0
514,2024-01-02 18:40:00,472.86,472.81,472.81,472.925,93915.0
515,2024-01-02 18:41:00,472.925,472.835,472.835,472.91,345268.0
516,2024-01-02 18:42:00,472.915,472.68,472.68,472.69,114074.0
517,2024-01-02 18:43:00,472.695,472.69,472.69,472.89,103891.0
518,2024-01-02 18:44:00,472.88,472.73,472.73,472.735,58354.0
519,2024-01-02 18:45:00,472.74,472.61,472.61,472.71,98997.0
520,2024-01-02 18:46:00,472.73,472.72,472.72,472.9,752074.0
521,2024-01-02 18:47:00,472.9002,472.815,472.815,472.82,90543.0
522,2024-01-02 18:48:00,472.81,472.73,472.73,472.754,84370.0
523,2024-01-02 18:49:00,472.75,472.64,472.64,472.68,76829.0
524,2024-01-02 18:50:00,472.68,472.57,472.57,472.62,373811.0
525,2024-01-02 18:51:00,472.6,472.589,472.589,472.6,113023.0
526,2024-01-02 18:52:00,472.6,472.43,472.43,472.4599,127022.0
527,2024-01-02 18:53:00,472.45,472.37,472.37,472.37,103244.0
528,2024-01-02 18:54:00,472.37,472.33,472.33,472.36,111105.0
529,2024-01-02 18:55:00,472.37,472.33,472.33,472.375,125957.0
530,2024-01-02 18:56:00,472.375,472.12,472.12,472.17,159711.0
531,2024-01-02 18:57:00,472.16,472.025,472.025,472.16,157939.0
532,2024-01-02 18:58:00,472.165,472.015,472.015,472.05,81052.0
533,2024-01-02 18:59:00,472.055,472.0,472.0,472.1499,155748.0
534,2024-01-02 19:00:00,472.13,472.065,472.065,472.175,211894.0
535,2024-01-02 19:01:00,472.16,472.04,472.04,472.04,70433.0
536,2024-01-02 19:02:00,472.04,471.89,471.89,471.92,187952.0
537,2024-01-02 19:03:00,471.91,471.895,471.895,471.99,150544.0
538,2024-01-02 19:04:00,471.97,471.85,471.85,471.88,225221.0
539,2024-01-02 19:05:00,471.88,471.83,471.83,471.855,235358.0
540,2024-01-02 19:06:00,471.85,471.64,471.64,471.71,165061.0
541,2024-01-02 19:07:00,471.72,471.545,471.545,471.58,110956.0
542,2024-01-02 19:08:00,471.59,471.56,471.56,471.65,248596.0
543,2024-01-02 19:09:00,471.65,471.6,471.6,471.77,117494.0
544,2024-01-02 19:10:00,471.75,471.69,471.69,471.805,137163.0
545,2024-01-02 19:11:00,471.8,471.765,471.765,471.9,243666.0
546,2024-01-02 19:12:00,471.9,471.82,471.82,471.98,121668.0
547,2024-01-02 19:13:00,471.98,471.95,471.95,472.03,137848.0
548,2024-01-02 19:14:00,472.02,471.88,471.88,471.91,109086.0
549,2024-01-02 19:15:00,471.91,471.76,471.76,471.8176,179640.0
550,2024-01-02 19:16:00,471.8181,471.76,471.76,471.82,111842.0
551,2024-01-02 19:17:00,471.81,471.7,471.7,471.74,93750.0
552,2024-01-02 19:18:00,471.745,471.721,471.721,471.78,62153.0
553,2024-01-02 19:19:00,471.79,471.75,471.75,471.76,85278.0
554,2024-01-02 19:20:00,471.76,471.72,471.72,471.8,59369.0
555,2024-01-02 19:21:00,471.795,471.77,471.77,471.81,61122.0
556,2024-01-02 19:22:00,471.82,471.6816,471.6816,471.71,98666.0
557,2024-01-02 19:23:00,471.71,471.61,471.61,471.65,58612.0
558,2024-01-02 19:24:00,471.65,471.6,471.6,471.6499,95696.0
559,2024-01-02 19:25:00,471.64,471.62,471.62,471.67,75492.0
560,2024-01-02 19:26:00,471.67,471.63,471.63,471.69,73629.0
561,2024-01-02 19:27:00,471.68,471.65,471.65,471.66,87781.0
562,2024-01-02 19:28:00,471.67,471.66,471.66,471.77,358606.0
563,2024-01-02 19:29:00,471.77,471.77,471.77,471.8801,371284.0
564,2024-01-02 19:30:00,471.86,471.82,471.82,471.99,149945.0
565,2024-01-02 19:31:00,471.98,471.89,471.89,471.89,143362.0
566,2024-01-02 19:32:00,471.88,471.69,471.69,471.72,218712.0
567,2024-01-02 19:33:00,471.71,471.68,471.68,471.73,122556.0
568,2024-01-02 19:34:00,471.72,471.71,471.71,471.72,78645.0
569,2024-01-02 19:35:00,471.7279,471.64,471.64,471.7301,97865.0
570,2024-01-02 19:36:00,471.72,471.62,471.62,471.6396,104134.0
571,2024-01-02 19:37:00,471.639,471.605,471.605,471.68,70065.0
572,2024-01-02 19:38:00,471.679,471.61,471.61,471.62,335957.0
573,2024-01-02 19:39:00,471.615,471.52,471.52,471.53,340320.0
574,2024-01-02 19:40:00,471.5378,471.46,471.46,471.555,409668.0
575,2024-01-02 19:41:00,471.55,471.52,471.52,471.555,340427.0
576,2024-01-02 19:42:00,471.555,471.46,471.46,471.505,185140.0
577,2024-01-02 19:43:00,471.505,471.501,471.501,471.61,394540.0
578,2024-01-02 19:44:00,471.6,471.53,471.53,471.555,98438.0
579,2024-01-02 19:45:00,471.55,471.5,471.5,471.555,100323.0
580,2024-01-02 19:46:00,471.5501,471.5501,471.5501,471.64,124635.0
581,2024-01-02 19:47:00,471.6497,471.5601,471.5601,471.58,81225.0
582,2024-01-02 19:48:00,471.59,471.46,471.46,471.475,149068.0
583,2024-01-02 19:49:00,471.48,471.35,471.35,471.374,123262.0
584,2024-01-02 19:50:00,471.38,471.35,471.35,471.4,443856.0
585,2024-01-02 19:51:00,471.405,471.39,471.39,471.46,356831.0
586,2024-01-02 19:52:00,471.45,471.3184,471.3184,471.3395,142861.0
587,2024-01-02 19:53:00,471.3299,471.05,471.05,471.09,605466.0
588,2024-01-02 19:54:00,471.085,471.03,471.03,471.1412,152000.0
589,2024-01-02 19:55:00,471.14,471.0,471.0,471.06,174381.0
590,2024-01-02 19:56:00,471.06,471.025,471.025,471.15,103516.0
591,2024-01-02 19:57:00,471.15,471.05,471.05,471.06,120589.0
592,2024-01-02 19:58:00,471.05,471.02,471.02,471.065,88129.0
593,2024-01-02 19:59:00,471.065,470.92,470.92,470.925,168892.0
594,2024-01-02 20:00:00,470.9275,470.86,470.86,470.9,318082.0
595,2024-01-02 20:01:00,470.89,470.85,470.85,470.86,194967.0
596,2024-01-02 20:02:00,470.85,470.76,470.76,470.7904,307739.0
597,2024-01-02 20:03:00,470.79,470.74,470.74,470.75,789938.0
598,2024-01-02 20:04:00,470.75,470.545,470.545,470.61,371309.0
599,2024-01-02 20:05:00,470.62,470.54,470.54,470.55,190494.0
600,2024-01-02 20:06:00,470.55,470.49,470.49,470.5,221468.0
601,2024-01-02 20:07:00,470.4999,470.49,470.49,470.67,282334.0
602,2024-01-02 20:08:00,470.675,470.61,470.61,470.75,244559.0
603,2024-01-02 20:09:00,470.75,470.63,470.63,470.67,269572.0
604,2024-01-02 20:10:00,470.67,470.67,470.67,470.7,200149.0
605,2024-01-02 20:11:00,470.6999,470.67,470.67,470.72,136913.0
606,2024-01-02 20:12:00,470.72,470.62,470.62,470.62,130623.0
607,2024-01-02 20:13:00,470.62,470.585,470.585,470.64,119549.0
608,2024-01-02 20:14:00,470.65,470.5679,470.5679,470.64,140792.0
609,2024-01-02 20:15:00,470.645,470.525,470.525,470.54,177660.0
610,2024-01-02 20:16:00,470.53,470.525,470.525,470.675,173019.0
611,2024-01-02 20:17:00,470.6799,470.67,470.67,471.025,588416.0
612,2024-01-02 20:18:00,471.01,470.85,470.85,470.9596,203384.0
613,2024-01-02 20:19:00,470.95,470.88,470.88,470.96,161145.0
614,2024-01-02 20:20:00,470.96,470.87,470.87,470.9823,251130.0
615,2024-01-02 20:21:00,470.98,470.89,470.89,470.9902,112353.0
616,2024-01-02 20:22:00,470.99,470.67,470.67,470.71,250219.0
617,2024-01-02 20:23:00,470.705,470.7,470.7,470.86,129199.0
618,2024-01-02 20:24:00,470.855,470.855,470.855,470.88,737199.0
619,2024-01-02 20:25:00,470.88,470.84,470.84,470.87,164315.0
620,2024-01-02 20:26:00,470.88,470.7,470.7,470.84,128930.0
621,2024-01-02 20:27:00,470.85,470.76,470.76,470.82,356640.0
622,2024-01-02 20:28:00,470.83,470.805,470.805,470.93,144943.0
623,2024-01-02 20:29:00,470.94,470.88,470.88,470.91,118190.0
624,2024-01-02 20:30:00,470.905,470.84,470.84,471.01,285788.0
625,2024-01-02 20:31:00,470.99,470.97,470.97,471.14,265958.0
626,2024-01-02 20:32:00,471.1308,470.985,470.985,471.11,263505.0
627,2024-01-02 20:33:00,471.1096,471.02,471.02,471.1,164201.0
628,2024-01-02 20:34:00,471.1,470.91,470.91,470.915,695802.0
629,2024-01-02 20:35:00,470.92,470.84,470.84,470.86,207741.0
630,2024-01-02 20:36:00,470.87,470.74,470.74,470.83,298911.0
631,2024-01-02 20:37:00,470.83,470.765,470.765,470.88,136298.0
632,2024-01-02 20:38:00,470.88,470.745,470.745,470.76,180823.0
633,2024-01-02 20:39:00,470.76,470.67,470.67,470.76,183464.0
634,2024-01-02 20:40:00,470.75,470.705,470.705,470.77,248935.0
635,2024-01-02 20:41:00,470.78,470.75,470.75,470.79,219342.0
636,2024-01-02 20:42:00,470.8,470.71,470.71,470.795,759457.0
637,2024-01-02 20:43:00,470.795,470.765,470.765,470.835,320551.0
638,2024-01-02 20:44:00,470.832,470.81,470.81,470.99,379921.0
639,2024-01-02 20:45:00,471.0,470.97,470.97,470.9999,291971.0
640,2024-01-02 20:46:00,470.9999,470.905,470.905,470.97,356151.0
641,2024-01-02 20:47:00,470.97,470.97,470.97,471.055,305919.0
642,2024-01-02 20:48:00,471.06,471.01,471.01,471.12,614895.0
643,2024-01-02 20:49:00,471.12,471.09,471.09,471.23,1203426.0
644,2024-01-02 20:50:00,471.24,471.23,471.23,471.8,1206176.0
645,2024-01-02 20:51:00,471.8,471.68,471.68,471.91,1495657.0
646,2024-01-02 20:52:00,471.91,471.82,471.82,471.885,1227513.0
647,2024-01-02 20:53:00,471.89,471.885,471.885,472.005,1167590.0
648,2024-01-02 20:54:00,472.005,471.82,471.82,471.93,1385316.0
649,2024-01-02 20:55:00,471.93,471.87,471.87,471.99,1292636.0
650,2024-01-02 20:56:00,472.0,471.98,471.98,472.23,1457937.0
651,2024-01-02 20:57:00,472.225,472.19,472.19,472.42,2025652.0
652,2024-01-02 20:58:00,472.425,472.37,472.37,472.5898,2710680.0
653,2024-01-02 20:59:00,472.58,472.31,472.31,472.6,3434360.0
654,2024-01-02 21:00:00,472.6,472.35,472.35,472.56,300612.0
655,2024-01-02 21:01:00,472.58,472.57,472.57,472.67,132289.0
656,2024-01-02 21:02:00,472.67,471.9163,471.9163,472.651,563534.0
657,2024-01-02 21:03:00,472.64,472.61,472.61,472.65,1801995.0
658,2024-01-02 21:04:00,472.67,472.6,472.6,472.61,49964.0
659,2024-01-02 21:05:00,472.63,472.62,472.62,472.72,282354.0
660,2024-01-02 21:06:00,472.7,472.46,472.46,472.7499,511333.0
661,2024-01-02 21:07:00,472.74,472.69,472.69,472.7,341605.0
662,2024-01-02 21:08:00,472.71,472.65,472.65,472.66,52265.0
663,2024-01-02 21:09:00,472.65,472.6,472.6,472.65,10343650.0
664,2024-01-02 21:10:00,472.6499,472.4619,472.4619,472.72,3837918.0
665,2024-01-02 21:11:00,472.7,472.66,472.66,472.68,352903.0
666,2024-01-02 21:12:00,472.69,472.68,472.68,472.7,55991.0
667,2024-01-02 21:13:00,472.73,472.59,472.59,472.6,280577.0
668,2024-01-02 21:14:00,472.6,472.58,472.58,472.63,61217.0
669,2024-01-02 21:15:00,472.63,472.6,472.6,472.61,43087.0
670,2024-01-02 21:16:00,472.62,472.56,472.56,472.57,60684.0
671,2024-01-02 21:17:00,472.59,472.55,472.55,472.55,12910.0
672,2024-01-02 21:18:00,472.58,472.55,472.55,472.55,4399.0
673,2024-01-02 21:19:00,472.55,472.52,472.52,472.59,22030.0
674,2024-01-02 21:20:00,472.65,472.59,472.59,472.59,6746.0
675,2024-01-02 21:21:00,472.5998,472.57,472.57,472.58,2742.0
676,2024-01-02 21:22:00,472.58,472.56,472.56,472.59,20063.0
677,2024-01-02 21:23:00,472.58,472.54,472.54,472.54,1071.0
678,2024-01-02 21:24:00,472.56,472.56,472.56,472.58,2244.0
679,2024-01-02 21:25:00,472.5996,472.5996,472.5996,472.6,691.0
680,2024-01-02 21:26:00,472.61,472.61,472.61,472.61,1130.0
681,2024-01-02 21:27:00,472.6,472.5993,472.5993,472.5993,2079.0
682,2024-01-02 21:28:00,472.57,472.56,472.56,472.56,11211.0
683,2024-01-02 21:29:00,472.56,472.54,472.54,472.55,279347.0
684,2024-01-02 21:30:00,472.54,472.54,472.54,472.56,16550.0
685,2024-01-02 21:31:00,472.54,472.53,472.53,472.55,544609.0
686,2024-01-02 21:32:00,472.56,472.54,472.54,472.56,39401.0
687,2024-01-02 21:33:00,472.57,472.52,472.52,472.54,283303.0
688,2024-01-02 21:34:00,472.5496,472.5496,472.5496,472.6,264717.0
689,2024-01-02 21:35:00,472.62,472.6,472.6,472.63,18877.0
690,2024-01-02 21:36:00,472.62,472.62,472.62,472.68,8609.0
691,2024-01-02 21:37:00,472.66,472.61,472.61,472.61,1805.0
692,2024-01-02 21:38:00,472.64,472.62,472.62,472.62,1082.0
693,2024-01-02 21:39:00,472.63,472.63,472.63,472.63,450.0
694,2024-01-02 21:40:00,472.66,472.63,472.63,472.63,3147.0
695,2024-01-02 21:41:00,472.67,472.64,472.64,472.64,1472.0
696,2024-01-02 21:42:00,472.65,472.65,472.65,472.65,1129.0
697,2024-01-02 21:43:00,472.66,472.66,472.66,472.72,2503.0
698,2024-01-02 21:44:00,472.69,472.2,472.2,472.7,53109.0
699,2024-01-02 21:45:00,472.72,472.72,472.72,472.75,954.0
700,2024-01-02 21:46:00,472.74,472.74,472.74,472.74,1593.0
701,2024-01-02 21:47:00,472.75,472.71,472.71,472.71,4611.0
702,2024-01-02 21:48:00,472.72,472.72,472.72,472.75,156596.0
703,2024-01-02 21:49:00,472.7401,472.74,472.74,472.74,2200.0
704,2024-01-02 21:50:00,472.77,472.77,472.77,472.77,2891.0
705,2024-01-02 21:51:00,472.79,472.79,472.79,472.79,3535.0
706,2024-01-02 21:52:00,472.78,472.73,472.73,472.74,7993.0
707,2024-01-02 21:53:00,472.71,472.71,472.71,472.7293,471.0
708,2024-01-02 21:54:00,472.73,472.73,472.73,472.73,115446.0
709,2024-01-02 21:55:00,472.73,472.73,472.73,472.73,747.0
710,2024-01-02 21:56:00,472.73,472.73,472.73,472.74,1227.0
711,2024-01-02 21:57:00,472.71,472.71,472.71,472.71,102144.0
712,2024-01-02 21:59:00,472.69,472.69,472.69,472.69,136.0
713,2024-01-02 22:01:00,472.69,472.68,472.68,472.68,2398.0
714,2024-01-02 22:02:00,472.68,472.68,472.68,472.68,326.0
715,2024-01-02 22:03:00,472.67,472.62,472.62,472.62,1433.0
716,2024-01-02 22:05:00,472.66,472.63,472.63,472.63,2478.0
717,2024-01-02 22:06:00,472.68,472.68,472.68,472.68,1033.0
718,2024-01-02 22:07:00,472.65,472.65,472.65,472.65,259.0
719,2024-01-02 22:10:00,472.66,472.66,472.66,472.66,207.0
720,2024-01-02 22:12:00,472.65,472.65,472.65,472.65,169.0
721,2024-01-02 22:13:00,472.65,472.65,472.65,472.65,278.0
722,2024-01-02 22:15:00,472.67,472.67,472.67,472.67,477.0
723,2024-01-02 22:16:00,472.67,472.67,472.67,472.67,454.0
724,2024-01-02 22:18:00,472.7,472.7,472.7,472.7,247.0
725,2024-01-02 22:21:00,472.71,472.71,472.71,472.71,4091.0
726,2024-01-02 22:22:00,472.71,472.71,472.71,472.72,3062.0
727,2024-01-02 22:23:00,472.73,472.73,472.73,472.74,564.0
728,2024-01-02 22:25:00,472.7,472.67,472.67,472.67,849.0
729,2024-01-02 22:29:00,472.72,472.72,472.72,472.73,731.0
730,2024-01-02 22:30:00,472.6701,472.67,472.67,472.67,537.0
731,2024-01-02 22:33:00,472.71,472.71,472.71,472.71,116.0
732,2024-01-02 22:35:00,472.65,472.65,472.65,472.65,212013.0
733,2024-01-02 22:36:00,472.65,472.65,472.65,472.65,212089.0
734,2024-01-02 22:37:00,472.65,472.65,472.65,472.75,212124.0
735,2024-01-02 22:41:00,472.73,472.73,472.73,472.73,153.0
736,2024-01-02 22:42:00,472.7118,472.7,472.7,472.7,1505.0
737,2024-01-02 22:44:00,472.7,472.7,472.7,472.7,215.0
738,2024-01-02 22:45:00,472.7,472.7,472.7,472.7,410.0
739,2024-01-02 22:46:00,472.7,472.7,472.7,472.7,1548.0
740,2024-01-02 22:47:00,472.7,472.7,472.7,472.7,517.0
741,2024-01-02 22:48:00,472.681,472.681,472.681,472.681,255.0
742,2024-01-02 22:49:00,472.74,472.7,472.7,472.74,909.0
743,2024-01-02 22:50:00,472.74,472.74,472.74,472.74,116.0
744,2024-01-02 22:52:00,472.7,472.7,472.7,472.73,1063.0
745,2024-01-02 22:55:00,472.75,472.75,472.75,472.75,371.0
746,2024-01-02 22:56:00,472.71,472.71,472.71,472.71,238.0
747,2024-01-02 22:57:00,472.72,472.72,472.72,472.72,270.0
748,2024-01-02 22:58:00,472.78,472.78,472.78,472.78,519.0
749,2024-01-02 22:59:00,472.78,472.78,472.78,472.79,5483.0
750,2024-01-02 23:00:00,472.84,472.79,472.79,472.79,3626.0
751,2024-01-02 23:01:00,472.77,472.75,472.75,472.75,1621.0
752,2024-01-02 23:02:00,472.75,472.71,472.71,472.79,4128.0
753,2024-01-02 23:03:00,472.79,472.79,472.79,472.79,891.0
754,2024-01-02 23:04:00,472.82,472.82,472.82,472.82,207.0
755,2024-01-02 23:06:00,472.85,472.85,472.85,472.85,203.0
756,2024-01-02 23:13:00,472.79,472.79,472.79,472.79,204.0
757,2024-01-02 23:15:00,472.69,472.68,472.68,472.68,2170.0
758,2024-01-02 23:16:00,472.68,472.68,472.68,472.68,333.0
759,2024-01-02 23:17:00,472.65,472.65,472.65,472.65,4007.0
760,2024-01-02 23:18:00,472.62,472.61,472.61,472.61,1260.0
761,2024-01-02 23:19:00,472.57,472.57,472.57,472.57,322.0
762,2024-01-02 23:20:00,472.62,472.61,472.61,472.61,2021.0
763,2024-01-02 23:22:00,472.65,472.55,472.55,472.55,373.0
764,2024-01-02 23:23:00,472.54,472.52,472.52,472.52,810.0
765,2024-01-02 23:25:00,472.59,472.59,472.59,472.63,316.0
766,2024-01-02 23:26:00,472.58,472.58,472.58,472.62,2563.0
767,2024-01-02 23:27:00,472.58,472.57,472.57,472.57,236.0
768,2024-01-02 23:28:00,472.6,472.6,472.6,472.61,1030.0
769,2024-01-02 23:29:00,472.5997,472.5997,472.5997,472.5997,117.0
770,2024-01-02 23:33:00,472.61,472.61,472.61,472.61,214.0
771,2024-01-02 23:34:00,472.63,472.63,472.63,472.63,137.0
772,2024-01-02 23:35:00,472.63,472.63,472.63,472.63,165.0
773,2024-01-02 23:38:00,472.65,472.65,472.65,472.65,558.0
774,2024-01-02 23:39:00,472.64,472.64,472.64,472.64,118.0
775,2024-01-02 23:40:00,472.63,472.63,472.63,472.63,295.0
776,2024-01-02 23:41:00,472.6103,472.6103,472.6103,472.6103,209.0
777,2024-01-02 23:42:00,472.63,472.63,472.63,472.63,110.0
778,2024-01-02 23:43:00,472.65,472.65,472.65,472.65,613.0
779,2024-01-02 23:45:00,472.6,472.6,472.6,472.63,496.0
780,2024-01-02 23:46:00,472.62,472.62,472.62,472.62,104.0
781,2024-01-02 23:47:00,472.65,472.65,472.65,472.65,1043.0
782,2024-01-02 23:48:00,472.64,472.64,472.64,472.64,1176.0
783,2024-01-02 23:49:00,472.6401,472.64,472.64,472.64,314.0
784,2024-01-02 23:51:00,472.65,472.65,472.65,472.65,249.0
785,2024-01-02 23:53:00,472.65,472.65,472.65,472.65,167.0
786,2024-01-02 23:58:00,472.67,472.67,472.67,472.67,676.0
787,2024-01-03 00:00:00,472.68,472.68,472.68,472.68,309.0
788,2024-01-03 00:01:00,472.65,472.65,472.65,472.65,727.0
789,2024-01-03 00:02:00,472.61,472.61,472.61,472.61,394.0
790,2024-01-03 00:04:00,472.65,472.65,472.65,472.65,931.0
791,2024-01-03 00:05:00,472.65,472.65,472.65,472.65,1090.0
792,2024-01-03 00:09:00,472.63,472.63,472.63,472.63,191.0
793,2024-01-03 00:12:00,472.64,472.64,472.64,472.64,539.0
794,2024-01-03 00:16:00,472.71,472.71,472.71,472.71,178.0
795,2024-01-03 00:17:00,472.71,472.69,472.69,472.69,4064.0
796,2024-01-03 00:18:00,472.7,472.7,472.7,472.7,294.0
797,2024-01-03 00:19:00,472.69,472.66,472.66,472.66,969.0
798,2024-01-03 00:22:00,472.67,472.67,472.67,472.67,210.0
799,2024-01-03 00:23:00,472.68,472.67,472.67,472.67,416.0
800,2024-01-03 00:24:00,472.69,472.69,472.69,472.69,373.0
801,2024-01-03 00:29:00,472.7,472.7,472.7,472.7,103.0
802,2024-01-03 00:32:00,472.66,472.65,472.65,472.67,5002.0
803,2024-01-03 00:34:00,472.7,472.7,472.7,472.7,515.0
804,2024-01-03 00:37:00,472.69,472.69,472.69,472.69,642.0
805,2024-01-03 00:38:00,472.7,472.7,472.7,472.7,1058.0
806,2024-01-03 00:41:00,472.56,472.56,472.56,472.56,1543.0
807,2024-01-03 00:42:00,472.54,472.54,472.54,472.58,513.0
808,2024-01-03 00:43:00,472.54,472.51,472.51,472.53,709.0
809,2024-01-03 00:44:00,472.5103,472.51,472.51,472.5309,878.0
810,2024-01-03 00:45:00,472.5308,472.53,472.53,472.53,381.0
811,2024-01-03 00:46:00,472.52,472.52,472.52,472.52,285.0
812,2024-01-03 00:49:00,472.52,472.52,472.52,472.52,185.0
813,2024-01-03 00:50:00,472.5103,472.5,472.5,472.5,783.0
814,2024-01-03 00:51:00,472.45,472.45,472.45,472.45,256.0
815,2024-01-03 00:52:00,472.47,472.44,472.44,472.44,1368.0
816,2024-01-03 00:53:00,472.47,472.47,472.47,472.47,126.0
817,2024-01-03 00:55:00,472.4611,472.4611,472.4611,472.47,1414.0
818,2024-01-03 00:57:00,472.47,472.47,472.47,472.47,369.0
819,2024-01-03 00:58:00,472.47,472.4501,472.4501,472.4501,822.0
820,2024-01-03 00:59:00,472.51,472.5,472.5,472.5,511.0
821,2024-01-03 09:00:00,472.07,472.07,472.07,472.08,3884.0
822,2024-01-03 09:01:00,472.09,472.09,472.09,472.09,100.0
823,2024-01-03 09:02:00,472.18,472.18,472.18,472.18,242.0
824,2024-01-03 09:03:00,472.12,472.12,472.12,472.14,370.0
825,2024-01-03 09:05:00,472.01,472.0,472.0,472.0,1794.0
826,2024-01-03 09:06:00,471.94,471.94,471.94,471.94,239.0
827,2024-01-03 09:07:00,471.91,471.91,471.91,471.91,234.0
828,2024-01-03 09:09:00,471.79,471.77,471.77,471.77,428.0
829,2024-01-03 09:10:00,471.88,471.88,471.88,471.88,137.0
830,2024-01-03 09:15:00,471.77,471.76,471.76,471.76,1187.0
831,2024-01-03 09:16:00,471.82,471.82,471.82,471.82,265.0
832,2024-01-03 09:19:00,471.79,471.79,471.79,471.79,509.0
833,2024-01-03 09:22:00,471.93,471.86,471.86,471.86,329.0
834,2024-01-03 09:23:00,471.85,471.85,471.85,471.89,310.0
835,2024-01-03 09:25:00,471.91,471.91,471.91,471.91,106.0
836,2024-01-03 09:26:00,471.95,471.95,471.95,471.95,245.0
837,2024-01-03 09:29:00,471.9,471.9,471.9,471.9,299.0
838,2024-01-03 09:31:00,471.83,471.83,471.83,471.85,716.0
839,2024-01-03 09:33:00,471.81,471.8,471.8,471.8,2704.0
840,2024-01-03 09:35:00,471.88,471.88,471.88,471.88,353.0
841,2024-01-03 09:37:00,471.89,471.89,471.89,471.89,903.0
842,2024-01-03 09:40:00,471.79,471.79,471.79,471.79,177.0
843,2024-01-03 09:41:00,471.75,471.75,471.75,471.75,381.0
844,2024-01-03 09:43:00,471.71,471.68,471.68,471.71,3003.0
845,2024-01-03 09:44:00,471.68,471.68,471.68,471.68,2507.0
846,2024-01-03 09:45:00,471.69,471.66,471.66,471.66,2298.0
847,2024-01-03 09:46:00,471.6,471.59,471.59,471.59,327.0
848,2024-01-03 09:47:00,471.68,471.67,471.67,471.67,204.0
849,2024-01-03 09:48:00,471.63,471.58,471.58,471.58,601.0
850,2024-01-03 09:51:00,471.56,471.56,471.56,471.6,472.0
851,2024-01-03 09:54:00,471.57,471.57,471.57,471.59,2215.0
852,2024-01-03 09:55:00,471.58,471.58,471.58,471.58,140.0
853,2024-01-03 09:56:00,471.59,471.59,471.59,471.59,1005.0
854,2024-01-03 09:57:00,471.57,471.57,471.57,471.57,553.0
855,2024-01-03 10:01:00,471.44,471.44,471.44,471.44,121.0
856,2024-01-03 10:02:00,471.47,471.47,471.47,471.47,800.0
857,2024-01-03 10:04:00,471.52,471.52,471.52,471.52,286.0
858,2024-01-03 10:06:00,471.63,471.63,471.63,471.63,249.0
859,2024-01-03 10:08:00,471.57,471.57,471.57,471.57,118.0
860,2024-01-03 10:13:00,471.72,471.72,471.72,471.72,2552.0
861,2024-01-03 10:14:00,471.66,471.62,471.62,471.65,4005.0
862,2024-01-03 10:16:00,471.63,471.63,471.63,471.65,6000.0
863,2024-01-03 10:20:00,471.56,471.56,471.56,471.64,365.0
864,2024-01-03 10:24:00,471.54,471.54,471.54,471.54,110.0
865,2024-01-03 10:25:00,471.47,471.47,471.47,471.47,134.0
866,2024-01-03 10:32:00,471.65,471.65,471.65,471.65,213.0
867,2024-01-03 10:34:00,471.83,471.83,471.83,471.83,420.0
868,2024-01-03 10:35:00,471.86,471.86,471.86,471.86,353.0
869,2024-01-03 10:40:00,471.84,471.84,471.84,471.84,221.0
870,2024-01-03 10:42:00,471.85,471.85,471.85,471.85,225.0
871,2024-01-03 10:43:00,471.88,471.87,471.87,471.89,2400.0
872,2024-01-03 10:46:00,471.9,471.85,471.85,471.85,379.0
873,2024-01-03 10:47:00,471.82,471.82,471.82,471.82,100.0
874,2024-01-03 10:48:00,471.8,471.75,471.75,471.75,661.0
875,2024-01-03 10:56:00,471.7,471.65,471.65,471.65,502.0
876,2024-01-03 10:57:00,471.64,471.64,471.64,471.64,450.0
877,2024-01-03 10:58:00,471.64,471.64,471.64,471.64,151.0
878,2024-01-03 11:01:00,471.72,471.7,471.7,471.7,5500.0
879,2024-01-03 11:02:00,471.72,471.72,471.72,471.72,303.0
880,2024-01-03 11:14:00,471.63,471.63,471.63,471.63,275.0
881,2024-01-03 11:21:00,471.58,471.56,471.56,471.56,2070.0
882,2024-01-03 11:22:00,471.55,471.49,471.49,471.49,2369.0
883,2024-01-03 11:23:00,471.48,471.48,471.48,471.48,298.0
884,2024-01-03 11:24:00,471.47,471.47,471.47,471.47,724.0
885,2024-01-03 11:25:00,471.45,471.45,471.45,471.45,120.0
886,2024-01-03 11:26:00,471.4,471.4,471.4,471.4,110.0
887,2024-01-03 11:27:00,471.37,471.37,471.37,471.37,533.0
888,2024-01-03 11:31:00,471.2,471.2,471.2,471.2,222.0
889,2024-01-03 11:33:00,471.3,471.3,471.3,471.31,10030.0
890,2024-01-03 11:35:00,471.22,471.17,471.17,471.17,628.0
891,2024-01-03 11:38:00,471.2,471.2,471.2,471.2,340.0
892,2024-01-03 11:40:00,471.18,471.17,471.17,471.19,1850.0
893,2024-01-03 11:41:00,471.19,471.17,471.17,471.17,1000.0
894,2024-01-03 11:42:00,471.12,471.12,471.12,471.12,802.0
895,2024-01-03 11:44:00,471.27,471.22,471.22,471.22,5227.0
896,2024-01-03 11:47:00,471.32,471.32,471.32,471.32,1202.0
897,2024-01-03 11:49:00,471.28,471.28,471.28,471.28,498.0
898,2024-01-03 11:52:00,471.23,471.21,471.21,471.21,1406.0
899,2024-01-03 11:53:00,471.22,471.2,471.2,471.2,2100.0
900,2024-01-03 11:55:00,471.1,471.1,471.1,471.1,1141.0
901,2024-01-03 11:56:00,471.16,471.16,471.16,471.16,5021.0
902,2024-01-03 11:57:00,471.18,471.15,471.15,471.15,1711.0
903,2024-01-03 11:58:00,471.18,471.18,471.18,471.28,4965.0
904,2024-01-03 11:59:00,471.28,471.28,471.28,471.29,2674.0
905,2024-01-03 12:00:00,471.3,471.23,471.23,471.23,1033.0
906,2024-01-03 12:01:00,471.23,471.2,471.2,471.2,777.0
907,2024-01-03 12:02:00,471.2,471.2,471.2,471.2,799.0
908,2024-01-03 12:03:00,471.15,471.15,471.15,471.15,451.0
909,2024-01-03 12:04:00,471.13,471.11,471.11,471.13,536.0
910,2024-01-03 12:05:00,471.08,471.02,471.02,471.05,5269.0
911,2024-01-03 12:06:00,471.0,471.0,471.0,471.0,3586.0
912,2024-01-03 12:07:00,470.96,470.96,470.96,471.0,4578.0
913,2024-01-03 12:08:00,471.03,471.03,471.03,471.03,629.0
914,2024-01-03 12:09:00,471.06,471.06,471.06,471.06,325.0
915,2024-01-03 12:10:00,471.06,471.03,471.03,471.03,1340.0
916,2024-01-03 12:11:00,471.0,471.0,471.0,471.0,707.0
917,2024-01-03 12:12:00,471.0,471.0,471.0,471.0,1979.0
918,2024-01-03 12:13:00,471.0,470.95,470.95,470.95,2444.0
919,2024-01-03 12:14:00,470.95,470.95,470.95,470.95,585.0
920,2024-01-03 12:15:00,470.98,470.98,470.98,471.01,492.0
921,2024-01-03 12:16:00,471.03,471.03,471.03,471.13,12005.0
922,2024-01-03 12:17:00,471.05,471.05,471.05,471.05,1334.0
923,2024-01-03 12:18:00,471.03,471.0,471.0,471.0,2334.0
924,2024-01-03 12:19:00,471.0,471.0,471.0,471.0,1159.0
925,2024-01-03 12:20:00,470.95,470.95,470.95,470.97,859.0
926,2024-01-03 12:21:00,470.97,470.97,470.97,470.97,1347.0
927,2024-01-03 12:22:00,471.01,471.01,471.01,471.01,229.0
928,2024-01-03 12:23:00,470.86,470.83,470.83,470.83,1860.0
929,2024-01-03 12:24:00,470.87,470.85,470.85,470.85,1476.0
930,2024-01-03 12:25:00,470.81,470.79,470.79,470.79,2440.0
931,2024-01-03 12:26:00,470.79,470.78,470.78,470.78,618.0
932,2024-01-03 12:27:00,470.81,470.81,470.81,470.81,135.0
933,2024-01-03 12:28:00,470.81,470.79,470.79,470.839,4189.0
934,2024-01-03 12:29:00,470.84,470.83,470.83,470.83,1573.0
935,2024-01-03 12:30:00,470.84,470.74,470.74,470.75,1827.0
936,2024-01-03 12:31:00,470.77,470.76,470.76,470.82,2029.0
937,2024-01-03 12:32:00,470.81,470.81,470.81,470.83,2398.0
938,2024-01-03 12:33:00,470.85,470.83,470.83,470.83,2463.0
939,2024-01-03 12:34:00,470.83,470.81,470.81,470.81,1611.0
940,2024-01-03 12:35:00,470.81,470.72,470.72,470.74,12036.0
941,2024-01-03 12:36:00,470.8,470.8,470.8,470.81,408.0
942,2024-01-03 12:37:00,470.74,470.72,470.72,470.72,558.0
943,2024-01-03 12:38:00,470.72,470.64,470.64,470.64,11076.0
944,2024-01-03 12:39:00,470.67,470.62,470.62,470.7,4819.0
945,2024-01-03 12:40:00,470.7,470.7,470.7,470.7,229.0
946,2024-01-03 12:41:00,470.75,470.75,470.75,470.76,1149.0
947,2024-01-03 12:42:00,470.72,470.72,470.72,470.72,216.0
948,2024-01-03 12:43:00,470.65,470.65,470.65,470.68,532.0
949,2024-01-03 12:44:00,470.651,470.651,470.651,470.651,337.0
950,2024-01-03 12:45:00,470.67,470.65,470.65,470.68,3285.0
951,2024-01-03 12:46:00,470.68,470.68,470.68,470.78,3987.0
952,2024-01-03 12:47:00,470.75,470.721,470.721,470.75,833.0
953,2024-01-03 12:48:00,470.75,470.75,470.75,470.75,241.0
954,2024-01-03 12:49:00,470.76,470.75,470.75,470.78,1929.0
955,2024-01-03 12:50:00,470.75,470.73,470.73,470.82,3324.0
956,2024-01-03 12:51:00,470.83,470.83,470.83,470.9,1930.0
957,2024-01-03 12:52:00,470.92,470.89,470.89,470.9,1402.0
958,2024-01-03 12:53:00,470.91,470.9,470.9,470.92,837.0
959,2024-01-03 12:54:00,470.81,470.81,470.81,470.81,6329.0
960,2024-01-03 12:55:00,470.78,470.71,470.71,470.71,6098.0
961,2024-01-03 12:56:00,470.7,470.65,470.65,470.66,1870.0
962,2024-01-03 12:57:00,470.66,470.63,470.63,470.67,13066.0
963,2024-01-03 12:58:00,470.66,470.66,470.66,470.68,3818.0
964,2024-01-03 12:59:00,470.67,470.67,470.67,470.69,1276.0
965,2024-01-03 13:00:00,470.99,470.58,470.58,470.59,35182.0
966,2024-01-03 13:01:00,470.61,470.57,470.57,470.57,4258.0
967,2024-01-03 13:02:00,470.58,470.54,470.54,470.6591,6850.0
968,2024-01-03 13:03:00,470.63,470.63,470.63,470.74,4274.0
969,2024-01-03 13:04:00,472.2,470.68,470.68,470.7,9864.0
970,2024-01-03 13:05:00,470.69,470.65,470.65,470.65,923.0
971,2024-01-03 13:06:00,470.7,470.61,470.61,470.65,15626.0
972,2024-01-03 13:07:00,470.67,470.67,470.67,470.74,4904.0
973,2024-01-03 13:08:00,470.76,470.68,470.68,470.68,3177.0
974,2024-01-03 13:09:00,470.7,470.69,470.69,470.72,1072.0
975,2024-01-03 13:10:00,470.72,470.71,470.71,470.7404,11648.0
976,2024-01-03 13:11:00,470.74,470.74,470.74,470.78,10167.0
977,2024-01-03 13:12:00,470.79,470.74,470.74,470.74,5827.0
978,2024-01-03 13:13:00,470.74,470.7,470.7,470.74,9321.0
979,2024-01-03 13:14:00,470.78,470.78,470.78,470.81,15268.0
980,2024-01-03 13:15:00,470.83,470.76,470.76,470.76,273.0
981,2024-01-03 13:16:00,470.79,470.79,470.79,470.9,10937.0
982,2024-01-03 13:17:00,470.91,470.91,470.91,471.04,26306.0
983,2024-01-03 13:18:00,471.01,471.0,471.0,471.07,13930.0
984,2024-01-03 13:19:00,471.07,471.04,471.04,471.09,4377.0
985,2024-01-03 13:20:00,471.09,471.08,471.08,471.12,2069.0
986,2024-01-03 13:21:00,471.12,471.05,471.05,471.07,5735.0
987,2024-01-03 13:22:00,471.04,470.95,470.95,471.02,4705.0
988,2024-01-03 13:23:00,471.0,470.95,470.95,470.95,1452.0
989,2024-01-03 13:24:00,470.99,470.98,470.98,470.98,904.0
990,2024-01-03 13:25:00,470.99,470.99,470.99,471.05,2870.0
991,2024-01-03 13:26:00,471.08,471.08,471.08,471.15,1110.0
992,2024-01-03 13:27:00,471.13,471.12,471.12,471.15,7516.0
993,2024-01-03 13:28:00,471.17,471.12,471.12,471.12,14898.0
994,2024-01-03 13:29:00,471.12,471.04,471.04,471.1,6701.0
995,2024-01-03 13:30:00,471.04,471.0,471.0,471.0,3749.0
996,2024-01-03 13:31:00,471.02,471.0,471.0,471.04,7704.0
997,2024-01-03 13:32:00,471.0,470.9605,470.9605,470.98,645.0
998,2024-01-03 13:33:00,470.95,470.9,470.9,470.98,1167.0
999,2024-01-03 13:34:00,471.02,471.02,471.02,471.0215,616.0
1000,2024-01-03 13:36:00,471.11,471.08,471.08,471.14,1685.0
1001,2024-01-03 13:37:00,471.14,471.11,471.11,471.11,473.0
1002,2024-01-03 13:38:00,471.13,471.12,471.12,471.16,2299.0
1003,2024-01-03 13:39:00,471.19,471.19,471.19,471.24,2929.0
1004,2024-01-03 13:40:00,471.17,471.17,471.17,471.2,3265.0
1005,2024-01-03 13:41:00,471.14,471.13,471.13,471.1409,1422.0
1006,2024-01-03 13:42:00,471.13,471.13,471.13,471.13,342.0
1007,2024-01-03 13:43:00,471.12,471.12,471.12,471.12,497.0
1008,2024-01-03 13:44:00,471.07,471.01,471.01,471.03,27011.0
1009,2024-01-03 13:45:00,471.04,470.9,470.9,470.9,30441.0
1010,2024-01-03 13:46:00,470.98,470.92,470.92,470.93,5417.0
1011,2024-01-03 13:47:00,470.95,470.89,470.89,470.9,7152.0
1012,2024-01-03 13:48:00,470.96,470.93,470.93,470.94,8216.0
1013,2024-01-03 13:49:00,470.93,470.93,470.93,470.93,141.0
1014,2024-01-03 13:50:00,470.93,470.93,470.93,470.97,676.0
1015,2024-01-03 13:51:00,471.03,471.0,471.0,471.05,771.0
1016,2024-01-03 13:52:00,470.97,470.96,470.96,470.96,516.0
1017,2024-01-03 13:53:00,471.0,470.89,470.89,470.89,3409.0
1018,2024-01-03 13:54:00,470.9,470.89,470.89,470.89,8582.0
1019,2024-01-03 13:55:00,470.9,470.88,470.88,470.91,13332.0
1020,2024-01-03 13:56:00,470.91,470.9,470.9,470.9,622.0
1021,2024-01-03 13:57:00,470.89,470.75,470.75,470.75,11640.0
1022,2024-01-03 13:58:00,470.73,470.59,470.59,470.64,21643.0
1023,2024-01-03 13:59:00,470.66,470.6,470.6,470.63,2452.0
1024,2024-01-03 14:00:00,470.68,470.63,470.63,470.71,4810.0
1025,2024-01-03 14:01:00,470.79,470.79,470.79,470.8,819.0
1026,2024-01-03 14:02:00,470.75,470.59,470.59,470.61,3604.0
1027,2024-01-03 14:03:00,470.61,470.56,470.56,470.59,2034.0
1028,2024-01-03 14:04:00,470.59,470.56,470.56,470.56,2490.0
1029,2024-01-03 14:05:00,470.56,470.56,470.56,470.56,4276.0
1030,2024-01-03 14:06:00,470.57,470.53,470.53,470.59,7597.0
1031,2024-01-03 14:08:00,470.55,470.37,470.37,470.47,14586.0
1032,2024-01-03 14:09:00,470.47,470.39,470.39,470.45,2358.0
1033,2024-01-03 14:10:00,470.39,470.36,470.36,470.36,6380.0
1034,2024-01-03 14:11:00,470.38,470.34,470.34,470.37,3290.0
1035,2024-01-03 14:12:00,470.38,470.37,470.37,470.39,3234.0
1036,2024-01-03 14:13:00,470.41,470.31,470.31,470.39,13814.0
1037,2024-01-03 14:14:00,470.33,470.3,470.3,470.3,1050.0
1038,2024-01-03 14:15:00,470.32,470.32,470.32,470.39,1538.0
1039,2024-01-03 14:16:00,470.37,470.3,470.3,470.3,1443.0
1040,2024-01-03 14:17:00,470.32,470.3,470.3,470.37,2103.0
1041,2024-01-03 14:18:00,470.39,470.39,470.39,470.51,17208.0
1042,2024-01-03 14:19:00,470.49,470.45,470.45,470.49,2228.0
1043,2024-01-03 14:20:00,470.5,470.5,470.5,470.67,7010.0
1044,2024-01-03 14:21:00,470.62,470.4,470.4,470.42,33583.0
1045,2024-01-03 14:22:00,470.47,470.26,470.26,470.33,13932.0
1046,2024-01-03 14:23:00,470.41,470.4,470.4,470.43,26493.0
1047,2024-01-03 14:24:00,470.41,470.29,470.29,470.3,12387.0
1048,2024-01-03 14:25:00,470.28,470.28,470.28,470.28,2008.0
1049,2024-01-03 14:26:00,470.36,470.32,470.32,470.32,6442.0
1050,2024-01-03 14:27:00,470.33,470.29,470.29,470.43,12909.0
1051,2024-01-03 14:28:00,470.4,470.36,470.36,470.36,15519.0
1052,2024-01-03 14:29:00,470.37,470.32,470.32,470.42,39880.0
1053,2024-01-03 14:30:00,470.43,470.19,470.19,470.48,876080.0
1054,2024-01-03 14:31:00,470.47,470.19,470.19,470.45,560439.0
1055,2024-01-03 14:32:00,470.46,470.11,470.11,470.2,398637.0
1056,2024-01-03 14:33:00,470.21,470.05,470.05,470.185,286277.0
1057,2024-01-03 14:34:00,470.19,470.14,470.14,470.16,275618.0
1058,2024-01-03 14:35:00,470.15,470.12,470.12,470.32,269661.0
1059,2024-01-03 14:36:00,470.3,470.11,470.11,470.1501,318773.0
1060,2024-01-03 14:37:00,470.155,470.09,470.09,470.2,234818.0
1061,2024-01-03 14:38:00,470.2,470.175,470.175,470.2699,191222.0
1062,2024-01-03 14:39:00,470.26,470.18,470.18,470.2101,328296.0
1063,2024-01-03 14:40:00,470.215,470.17,470.17,470.24,183816.0
1064,2024-01-03 14:41:00,470.26,470.21,470.21,470.47,230663.0
1065,2024-01-03 14:42:00,470.479,470.33,470.33,470.34,363620.0
1066,2024-01-03 14:43:00,470.33,470.18,470.18,470.28,196257.0
1067,2024-01-03 14:44:00,470.28,470.2,470.2,470.22,108205.0
1068,2024-01-03 14:45:00,470.21,470.06,470.06,470.07,189998.0
1069,2024-01-03 14:46:00,470.08,470.075,470.075,470.2,142026.0
1070,2024-01-03 14:47:00,470.2,470.03,470.03,470.11,147654.0
1071,2024-01-03 14:48:00,470.11,470.0487,470.0487,470.2,126540.0
1072,2024-01-03 14:49:00,470.19,470.149,470.149,470.22,117573.0
1073,2024-01-03 14:50:00,470.24,470.14,470.14,470.2299,124436.0
1074,2024-01-03 14:51:00,470.23,470.19,470.19,470.46,262624.0
1075,2024-01-03 14:52:00,470.45,470.18,470.18,470.37,542215.0
1076,2024-01-03 14:53:00,470.37,470.13,470.13,470.17,485777.0
1077,2024-01-03 14:54:00,470.16,470.08,470.08,470.14,158330.0
1078,2024-01-03 14:55:00,470.134,470.0499,470.0499,470.0698,262040.0
1079,2024-01-03 14:56:00,470.07,469.88,469.88,469.96,320228.0
1080,2024-01-03 14:57:00,469.96,469.65,469.65,469.82,620628.0
1081,2024-01-03 14:58:00,469.83,469.72,469.72,469.82,179207.0
1082,2024-01-03 14:59:00,469.81,469.81,469.81,469.97,493151.0
1083,2024-01-03 15:00:00,469.95,469.77,469.77,470.3501,657358.0
1084,2024-01-03 15:01:00,470.39,469.82,469.82,469.86,350273.0
1085,2024-01-03 15:02:00,469.865,469.865,469.865,470.5001,275527.0
1086,2024-01-03 15:03:00,470.5042,470.3401,470.3401,470.57,194808.0
1087,2024-01-03 15:04:00,470.56,470.48,470.48,470.65,309540.0
1088,2024-01-03 15:05:00,470.66,470.6301,470.6301,470.8237,214195.0
1089,2024-01-03 15:06:00,470.825,470.56,470.56,470.6,196426.0
1090,2024-01-03 15:07:00,470.61,470.28,470.28,470.37,172705.0
1091,2024-01-03 15:08:00,470.36,470.205,470.205,470.2896,220920.0
1092,2024-01-03 15:09:00,470.28,470.0108,470.0108,470.0899,146641.0
1093,2024-01-03 15:10:00,470.08,469.8,469.8,469.95,627207.0
1094,2024-01-03 15:11:00,469.94,469.68,469.68,469.72,211756.0
1095,2024-01-03 15:12:00,469.73,469.49,469.49,469.545,245927.0
1096,2024-01-03 15:13:00,469.55,469.49,469.49,469.59,161699.0
1097,2024-01-03 15:14:00,469.57,469.39,469.39,469.4,466119.0
1098,2024-01-03 15:15:00,469.41,469.28,469.28,469.325,404483.0
1099,2024-01-03 15:16:00,469.32,469.3001,469.3001,469.42,279882.0
1100,2024-01-03 15:17:00,469.405,469.3,469.3,469.37,415014.0
1101,2024-01-03 15:18:00,469.37,469.31,469.31,469.42,118008.0
1102,2024-01-03 15:19:00,469.429,469.3799,469.3799,469.41,186000.0
1103,2024-01-03 15:20:00,469.41,469.31,469.31,469.32,921639.0
1104,2024-01-03 15:21:00,469.325,469.28,469.28,469.28,144443.0
1105,2024-01-03 15:22:00,469.285,469.22,469.22,469.2699,234610.0
1106,2024-01-03 15:23:00,469.2601,469.2601,469.2601,469.315,150499.0
1107,2024-01-03 15:24:00,469.31,469.25,469.25,469.45,347237.0
1108,2024-01-03 15:25:00,469.4505,469.36,469.36,469.44,361784.0
1109,2024-01-03 15:26:00,469.445,469.4401,469.4401,469.63,273730.0
1110,2024-01-03 15:27:00,469.625,469.61,469.61,469.71,207424.0
1111,2024-01-03 15:28:00,469.7,469.52,469.52,469.6601,319958.0
1112,2024-01-03 15:29:00,469.66,469.5,469.5,469.5,138017.0
1113,2024-01-03 15:30:00,469.49,469.435,469.435,469.55,160010.0
1114,2024-01-03 15:31:00,469.56,469.45,469.45,469.59,264644.0
1115,2024-01-03 15:32:00,469.59,469.27,469.27,469.29,938227.0
1116,2024-01-03 15:33:00,469.3,469.27,469.27,469.325,103779.0
1117,2024-01-03 15:34:00,469.33,469.255,469.255,469.379,163820.0
1118,2024-01-03 15:35:00,469.37,469.3231,469.3231,469.47,221307.0
1119,2024-01-03 15:36:00,469.45,469.27,469.27,469.3,156916.0
1120,2024-01-03 15:37:00,469.29,468.99,468.99,469.02,421087.0
1121,2024-01-03 15:38:00,469.0179,468.9,468.9,468.9,692999.0
1122,2024-01-03 15:39:00,468.915,468.77,468.77,468.86,334361.0
1123,2024-01-03 15:40:00,468.86,468.79,468.79,468.8709,213678.0
1124,2024-01-03 15:41:00,468.89,468.85,468.85,468.85,248660.0
1125,2024-01-03 15:42:00,468.87,468.82,468.82,468.89,296756.0
1126,2024-01-03 15:43:00,468.89,468.88,468.88,469.0,401825.0
1127,2024-01-03 15:44:00,469.01,468.93,468.93,468.93,130277.0
1128,2024-01-03 15:45:00,468.92,468.7713,468.7713,468.78,134176.0
1129,2024-01-03 15:46:00,468.785,468.71,468.71,468.8199,185053.0
1130,2024-01-03 15:47:00,468.8175,468.77,468.77,468.85,319406.0
1131,2024-01-03 15:48:00,468.85,468.78,468.78,468.84,165597.0
1132,2024-01-03 15:49:00,468.84,468.78,468.78,468.82,77819.0
1133,2024-01-03 15:50:00,468.8001,468.77,468.77,468.9,122433.0
1134,2024-01-03 15:51:00,468.9,468.9,468.9,469.0979,251689.0
1135,2024-01-03 15:52:00,469.09,469.05,469.05,469.0699,202029.0
1136,2024-01-03 15:53:00,469.0622,468.99,468.99,469.049,141729.0
1137,2024-01-03 15:54:00,469.03,468.88,468.88,468.9344,127224.0
1138,2024-01-03 15:55:00,468.94,468.8107,468.8107,468.88,151380.0
1139,2024-01-03 15:56:00,468.89,468.89,468.89,469.05,138792.0
1140,2024-01-03 15:57:00,469.055,468.965,468.965,469.17,639257.0
1141,2024-01-03 15:58:00,469.16,469.13,469.13,469.345,225245.0
1142,2024-01-03 15:59:00,469.35,469.28,469.28,469.39,538977.0
1143,2024-01-03 16:00:00,469.39,469.38,469.38,469.82,441029.0
1144,2024-01-03 16:01:00,469.81,469.58,469.58,469.685,148718.0
1145,2024-01-03 16:02:00,469.68,469.66,469.66,469.8099,132319.0
1146,2024-01-03 16:03:00,469.81,469.64,469.64,469.655,123424.0
1147,2024-01-03 16:04:00,469.66,469.56,469.56,469.6399,278655.0
1148,2024-01-03 16:05:00,469.64,469.62,469.62,469.63,164307.0
1149,2024-01-03 16:06:00,469.62,469.59,469.59,469.68,139569.0
1150,2024-01-03 16:07:00,469.69,469.51,469.51,469.57,1207719.0
1151,2024-01-03 16:08:00,469.55,469.54,469.54,469.72,147498.0
1152,2024-01-03 16:09:00,469.7,469.58,469.58,469.6819,501520.0
1153,2024-01-03 16:10:00,469.6801,469.49,469.49,469.56,169921.0
1154,2024-01-03 16:11:00,469.56,469.4879,469.4879,469.5701,85069.0
1155,2024-01-03 16:12:00,469.57,469.5501,469.5501,469.61,67049.0
1156,2024-01-03 16:13:00,469.59,469.59,469.59,469.71,93498.0
1157,2024-01-03 16:14:00,469.72,469.6102,469.6102,469.65,65457.0
1158,2024-01-03 16:15:00,469.63,469.6118,469.6118,469.81,94106.0
1159,2024-01-03 16:16:00,469.8,469.62,469.62,469.625,102504.0
1160,2024-01-03 16:17:00,469.62,469.48,469.48,469.51,122378.0
1161,2024-01-03 16:18:00,469.52,469.42,469.42,469.46,380348.0
1162,2024-01-03 16:19:00,469.45,469.44,469.44,469.49,85018.0
1163,2024-01-03 16:20:00,469.5,469.495,469.495,469.65,87944.0
1164,2024-01-03 16:21:00,469.65,469.59,469.59,469.595,88505.0
1165,2024-01-03 16:22:00,469.61,469.44,469.44,469.44,127657.0
1166,2024-01-03 16:23:00,469.44,469.42,469.42,469.56,87098.0
1167,2024-01-03 16:24:00,469.57,469.469,469.469,469.545,128947.0
1168,2024-01-03 16:25:00,469.55,469.505,469.505,469.59,72941.0
1169,2024-01-03 16:26:00,469.6,469.56,469.56,469.87,170181.0
1170,2024-01-03 16:27:00,469.87,469.58,469.58,469.6,139304.0
1171,2024-01-03 16:28:00,469.6,469.56,469.56,469.64,333667.0
1172,2024-01-03 16:29:00,469.63,469.615,469.615,469.71,112354.0
1173,2024-01-03 16:30:00,469.7,469.67,469.67,469.73,101703.0
1174,2024-01-03 16:31:00,469.73,469.61,469.61,469.72,598655.0
1175,2024-01-03 16:32:00,469.71,469.53,469.53,469.64,351404.0
1176,2024-01-03 16:33:00,469.64,469.64,469.64,469.78,75185.0
1177,2024-01-03 16:34:00,469.78,469.565,469.565,469.63,535060.0
1178,2024-01-03 16:35:00,469.64,469.61,469.61,469.69,85061.0
1179,2024-01-03 16:36:00,469.69,469.58,469.58,469.6,76340.0
1180,2024-01-03 16:37:00,469.59,469.45,469.45,469.51,214866.0
1181,2024-01-03 16:38:00,469.515,469.47,469.47,469.54,53019.0
1182,2024-01-03 16:39:00,469.52,469.38,469.38,469.4,100443.0
1183,2024-01-03 16:40:00,469.4,469.178,469.178,469.178,184633.0
1184,2024-01-03 16:41:00,469.185,469.1299,469.1299,469.255,134719.0
1185,2024-01-03 16:42:00,469.25,469.18,469.18,469.385,409298.0
1186,2024-01-03 16:43:00,469.38,469.26,469.26,469.4201,148377.0
1187,2024-01-03 16:44:00,469.42,469.4,469.4,469.576,112150.0
1188,2024-01-03 16:45:00,469.58,469.48,469.48,469.56,74754.0
1189,2024-01-03 16:46:00,469.55,469.43,469.43,469.49,66945.0
1190,2024-01-03 16:47:00,469.49,469.45,469.45,469.46,86168.0
1191,2024-01-03 16:48:00,469.46,469.41,469.41,469.422,71757.0
1192,2024-01-03 16:49:00,469.43,469.43,469.43,469.54,78133.0
1193,2024-01-03 16:50:00,469.54,469.5209,469.5209,469.595,120154.0
1194,2024-01-03 16:51:00,469.59,469.49,469.49,469.54,60668.0
1195,2024-01-03 16:52:00,469.545,469.46,469.46,469.48,62052.0
1196,2024-01-03 16:53:00,469.46,469.43,469.43,469.5,85881.0
1197,2024-01-03 16:54:00,469.5,469.45,469.45,469.4801,59132.0
1198,2024-01-03 16:55:00,469.49,469.39,469.39,469.46,126074.0
1199,2024-01-03 16:56:00,469.47,469.41,469.41,469.445,70885.0
1200,2024-01-03 16:57:00,469.4485,469.3,469.3,469.3,319929.0
1201,2024-01-03 16:58:00,469.2999,469.23,469.23,469.265,97897.0
1202,2024-01-03 16:59:00,469.27,469.2201,469.2201,469.2601,79003.0
1203,2024-01-03 17:00:00,469.26,469.155,469.155,469.2,99846.0
1204,2024-01-03 17:01:00,469.22,469.165,469.165,469.25,91592.0
1205,2024-01-03 17:02:00,469.26,469.23,469.23,469.35,82820.0
1206,2024-01-03 17:03:00,469.365,469.255,469.255,469.34,70177.0
1207,2024-01-03 17:04:00,469.34,469.29,469.29,469.4502,60461.0
1208,2024-01-03 17:05:00,469.45,469.44,469.44,469.51,106333.0
1209,2024-01-03 17:06:00,469.5,469.4,469.4,469.41,59477.0
1210,2024-01-03 17:07:00,469.4,469.4,469.4,469.5599,82483.0
1211,2024-01-03 17:08:00,469.55,469.29,469.29,469.31,70150.0
1212,2024-01-03 17:09:00,469.31,469.18,469.18,469.22,323558.0
1213,2024-01-03 17:10:00,469.21,469.12,469.12,469.13,117110.0
1214,2024-01-03 17:11:00,469.12,469.12,469.12,469.16,67252.0
1215,2024-01-03 17:12:00,469.16,469.085,469.085,469.1101,100649.0
1216,2024-01-03 17:13:00,469.12,469.0519,469.0519,469.18,87046.0
1217,2024-01-03 17:14:00,469.17,469.05,469.05,469.1375,82164.0
1218,2024-01-03 17:15:00,469.135,469.05,469.05,469.13,112635.0
1219,2024-01-03 17:16:00,469.13,469.025,469.025,469.2199,156222.0
1220,2024-01-03 17:17:00,469.215,469.145,469.145,469.16,97621.0
1221,2024-01-03 17:18:00,469.155,469.03,469.03,469.04,59316.0
1222,2024-01-03 17:19:00,469.04,468.97,468.97,469.005,84003.0
1223,2024-01-03 17:20:00,469.01,468.99,468.99,468.991,67530.0
1224,2024-01-03 17:21:00,468.995,468.98,468.98,468.9999,46030.0
1225,2024-01-03 17:22:00,468.99,468.98,468.98,469.0275,73046.0
1226,2024-01-03 17:23:00,469.03,468.975,468.975,469.15,80355.0
1227,2024-01-03 17:24:00,469.16,469.1101,469.1101,469.19,104762.0
1228,2024-01-03 17:25:00,469.19,469.155,469.155,469.2805,92844.0
1229,2024-01-03 17:26:00,469.2818,469.2,469.2,469.25,74691.0
1230,2024-01-03 17:27:00,469.265,469.23,469.23,469.42,194240.0
1231,2024-01-03 17:28:00,469.41,469.4,469.4,469.455,83785.0
1232,2024-01-03 17:29:00,469.45,469.36,469.36,469.58,148019.0
1233,2024-01-03 17:30:00,469.58,469.54,469.54,469.63,151801.0
1234,2024-01-03 17:31:00,469.635,469.4205,469.4205,469.46,106639.0
1235,2024-01-03 17:32:00,469.46,469.4401,469.4401,469.49,87952.0
1236,2024-01-03 17:33:00,469.5,469.5,469.5,469.635,111936.0
1237,2024-01-03 17:34:00,469.62,469.62,469.62,469.65,194741.0
1238,2024-01-03 17:35:00,469.65,469.64,469.64,469.7001,82480.0
1239,2024-01-03 17:36:00,469.71,469.6701,469.6701,469.73,103934.0
1240,2024-01-03 17:37:00,469.7301,469.67,469.67,469.755,73344.0
1241,2024-01-03 17:38:00,469.75,469.695,469.695,469.695,77250.0
1242,2024-01-03 17:39:00,469.695,469.64,469.64,469.75,106238.0
1243,2024-01-03 17:40:00,469.74,469.74,469.74,469.92,128191.0
1244,2024-01-03 17:41:00,469.9,469.84,469.84,469.94,135402.0
1245,2024-01-03 17:42:00,469.93,469.88,469.88,469.95,126553.0
1246,2024-01-03 17:43:00,469.96,469.88,469.88,469.93,126929.0
1247,2024-01-03 17:44:00,469.93,469.75,469.75,469.844,157830.0
1248,2024-01-03 17:45:00,469.85,469.85,469.85,469.9,63337.0
1249,2024-01-03 17:46:00,469.89,469.82,469.82,469.87,55796.0
1250,2024-01-03 17:47:00,469.87,469.83,469.83,469.88,72717.0
1251,2024-01-03 17:48:00,469.87,469.75,469.75,469.775,147482.0
1252,2024-01-03 17:49:00,469.779,469.7682,469.7682,469.9102,99742.0
1253,2024-01-03 17:50:00,469.92,469.8499,469.8499,469.8684,66764.0
1254,2024-01-03 17:51:00,469.86,469.78,469.78,469.8,90633.0
1255,2024-01-03 17:52:00,469.78,469.77,469.77,469.8501,57785.0
1256,2024-01-03 17:53:00,469.85,469.8,469.8,469.84,35085.0
1257,2024-01-03 17:54:00,469.83,469.81,469.81,469.85,37455.0
1258,2024-01-03 17:55:00,469.84,469.81,469.81,470.0,87412.0
1259,2024-01-03 17:56:00,469.99,469.96,469.96,470.0186,112062.0
1260,2024-01-03 17:57:00,470.01,470.0,470.0,470.14,94647.0
1261,2024-01-03 17:58:00,470.155,470.15,470.15,470.22,215254.0
1262,2024-01-03 17:59:00,470.23,470.22,470.22,470.3,177372.0
1263,2024-01-03 18:00:00,470.29,470.29,470.29,470.42,182461.0
1264,2024-01-03 18:01:00,470.43,470.43,470.43,470.61,357170.0
1265,2024-01-03 18:02:00,470.6199,470.49,470.49,470.535,126516.0
1266,2024-01-03 18:03:00,470.53,470.3,470.3,470.34,124233.0
1267,2024-01-03 18:04:00,470.345,470.34,470.34,470.445,77349.0
1268,2024-01-03 18:05:00,470.44,470.34,470.34,470.35,160661.0
1269,2024-01-03 18:06:00,470.34,470.27,470.27,470.385,86402.0
1270,2024-01-03 18:07:00,470.39,470.35,470.35,470.3901,64868.0
1271,2024-01-03 18:08:00,470.4,470.375,470.375,470.435,93310.0
1272,2024-01-03 18:09:00,470.43,470.32,470.32,470.3899,66592.0
1273,2024-01-03 18:10:00,470.39,470.35,470.35,470.445,76284.0
1274,2024-01-03 18:11:00,470.445,470.425,470.425,470.5501,78576.0
1275,2024-01-03 18:12:00,470.56,470.37,470.37,470.41,66431.0
1276,2024-01-03 18:13:00,470.415,470.385,470.385,470.515,46996.0
1277,2024-01-03 18:14:00,470.51,470.41,470.41,470.44,39533.0
1278,2024-01-03 18:15:00,470.435,470.42,470.42,470.46,146835.0
1279,2024-01-03 18:16:00,470.47,470.37,470.37,470.3909,74154.0
1280,2024-01-03 18:17:00,470.4,470.4,470.4,470.53,71006.0
1281,2024-01-03 18:18:00,470.53,470.4121,470.4121,470.485,87757.0
1282,2024-01-03 18:19:00,470.485,470.38,470.38,470.44,59107.0
1283,2024-01-03 18:20:00,470.44,470.275,470.275,470.31,99805.0
1284,2024-01-03 18:21:00,470.31,470.265,470.265,470.33,111454.0
1285,2024-01-03 18:22:00,470.33,470.29,470.29,470.355,66883.0
1286,2024-01-03 18:23:00,470.355,470.335,470.335,470.345,52634.0
1287,2024-01-03 18:24:00,470.34,470.34,470.34,470.365,144079.0
1288,2024-01-03 18:25:00,470.37,470.31,470.31,470.41,41352.0
1289,2024-01-03 18:26:00,470.4055,470.29,470.29,470.31,66421.0
1290,2024-01-03 18:27:00,470.3,470.28,470.28,470.35,103752.0
1291,2024-01-03 18:28:00,470.36,470.32,470.32,470.33,93411.0
1292,2024-01-03 18:29:00,470.32,470.2631,470.2631,470.33,324864.0
1293,2024-01-03 18:30:00,470.34,470.3301,470.3301,470.335,72258.0
1294,2024-01-03 18:31:00,470.34,470.17,470.17,470.18,89422.0
1295,2024-01-03 18:32:00,470.18,470.13,470.13,470.225,137182.0
1296,2024-01-03 18:33:00,470.23,470.15,470.15,470.19,63723.0
1297,2024-01-03 18:34:00,470.2,470.055,470.055,470.08,105400.0
1298,2024-01-03 18:35:00,470.08,469.86,469.86,469.89,177855.0
1299,2024-01-03 18:36:00,469.89,469.87,469.87,469.98,116198.0
1300,2024-01-03 18:37:00,469.98,469.9635,469.9635,470.09,108750.0
1301,2024-01-03 18:38:00,470.095,470.05,470.05,470.24,106846.0
1302,2024-01-03 18:39:00,470.245,470.16,470.16,470.2318,113793.0
1303,2024-01-03 18:40:00,470.24,470.18,470.18,470.23,105940.0
1304,2024-01-03 18:41:00,470.22,470.17,470.17,470.255,72135.0
1305,2024-01-03 18:42:00,470.25,470.215,470.215,470.2899,78126.0
1306,2024-01-03 18:43:00,470.29,470.07,470.07,470.1,96906.0
1307,2024-01-03 18:44:00,470.1,470.02,470.02,470.06,55227.0
1308,2024-01-03 18:45:00,470.06,470.03,470.03,470.08,85821.0
1309,2024-01-03 18:46:00,470.08,470.08,470.08,470.13,357158.0
1310,2024-01-03 18:47:00,470.14,470.0,470.0,470.055,79546.0
1311,2024-01-03 18:48:00,470.06,470.06,470.06,470.13,90731.0
1312,2024-01-03 18:49:00,470.135,470.13,470.13,470.135,72157.0
1313,2024-01-03 18:50:00,470.14,470.12,470.12,470.2491,48410.0
1314,2024-01-03 18:51:00,470.25,470.17,470.17,470.315,100849.0
1315,2024-01-03 18:52:00,470.31,470.05,470.05,470.09,108068.0
1316,2024-01-03 18:53:00,470.1,470.06,470.06,470.15,83201.0
1317,2024-01-03 18:54:00,470.15,470.0201,470.0201,470.04,69722.0
1318,2024-01-03 18:55:00,470.04,469.99,469.99,470.135,77296.0
1319,2024-01-03 18:56:00,470.1299,470.07,470.07,470.07,55502.0
1320,2024-01-03 18:57:00,470.07,469.96,469.96,470.04,98169.0
1321,2024-01-03 18:58:00,470.05,470.02,470.02,470.06,63315.0
1322,2024-01-03 18:59:00,470.0697,470.05,470.05,470.0825,59111.0
1323,2024-01-03 19:00:00,470.08,469.55,469.55,469.9804,728166.0
1324,2024-01-03 19:01:00,469.96,469.74,469.74,469.99,531511.0
1325,2024-01-03 19:02:00,469.98,469.6,469.6,469.75,262348.0
1326,2024-01-03 19:03:00,469.73,469.64,469.64,469.79,221135.0
1327,2024-01-03 19:04:00,469.79,469.46,469.46,469.5,193533.0
1328,2024-01-03 19:05:00,469.47,469.03,469.03,469.09,413823.0
1329,2024-01-03 19:06:00,469.09,468.95,468.95,469.54,329785.0
1330,2024-01-03 19:07:00,469.54,469.44,469.44,469.9103,487349.0
1331,2024-01-03 19:08:00,469.92,469.68,469.68,469.79,182074.0
1332,2024-01-03 19:09:00,469.79,469.68,469.68,469.87,185217.0
1333,2024-01-03 19:10:00,469.87,469.79,469.79,470.14,465370.0
1334,2024-01-03 19:11:00,470.14,470.02,470.02,470.14,213241.0
1335,2024-01-03 19:12:00,470.12,469.67,469.67,469.87,198496.0
1336,2024-01-03 19:13:00,469.88,469.52,469.52,469.55,163623.0
1337,2024-01-03 19:14:00,469.56,469.34,469.34,469.54,222065.0
1338,2024-01-03 19:15:00,469.56,469.33,469.33,469.3913,191576.0
1339,2024-01-03 19:16:00,469.4,469.2204,469.2204,469.72,197123.0
1340,2024-01-03 19:17:00,469.72,469.5,469.5,469.54,371682.0
1341,2024-01-03 19:18:00,469.55,469.545,469.545,469.83,114934.0
1342,2024-01-03 19:19:00,469.83,469.74,469.74,469.78,204186.0
1343,2024-01-03 19:20:00,469.77,469.57,469.57,469.65,94817.0
1344,2024-01-03 19:21:00,469.67,469.46,469.46,469.635,130569.0
1345,2024-01-03 19:22:00,469.64,469.56,469.56,469.82,103382.0
1346,2024-01-03 19:23:00,469.81,469.66,469.66,469.7099,78523.0
1347,2024-01-03 19:24:00,469.68,469.67,469.67,469.95,194206.0
1348,2024-01-03 19:25:00,469.95,469.84,469.84,470.37,513911.0
1349,2024-01-03 19:26:00,470.37,470.32,470.32,470.77,472624.0
1350,2024-01-03 19:27:00,470.77,470.7082,470.7082,470.91,555623.0
1351,2024-01-03 19:28:00,470.91,470.85,470.85,471.02,662794.0
1352,2024-01-03 19:29:00,471.03,470.81,470.81,470.94,154706.0
1353,2024-01-03 19:30:00,470.95,470.95,470.95,471.12,777503.0
1354,2024-01-03 19:31:00,471.1,470.955,470.955,471.0,236726.0
1355,2024-01-03 19:32:00,471.02,470.51,470.51,470.515,436003.0
1356,2024-01-03 19:33:00,470.52,470.4775,470.4775,470.54,152584.0
1357,2024-01-03 19:34:00,470.57,470.48,470.48,470.76,222665.0
1358,2024-01-03 19:35:00,470.75,470.58,470.58,470.62,171608.0
1359,2024-01-03 19:36:00,470.62,470.34,470.34,470.51,220233.0
1360,2024-01-03 19:37:00,470.5,470.47,470.47,470.68,409672.0
1361,2024-01-03 19:38:00,470.67,470.665,470.665,470.74,91603.0
1362,2024-01-03 19:39:00,470.74,470.62,470.62,470.65,107271.0
1363,2024-01-03 19:40:00,470.65,470.44,470.44,470.55,150985.0
1364,2024-01-03 19:41:00,470.55,470.42,470.42,470.64,98610.0
1365,2024-01-03 19:42:00,470.64,470.6301,470.6301,470.84,133237.0
1366,2024-01-03 19:43:00,470.85,470.83,470.83,471.07,177610.0
1367,2024-01-03 19:44:00,471.07,470.97,470.97,470.99,139705.0
1368,2024-01-03 19:45:00,470.99,470.77,470.77,470.77,109120.0
1369,2024-01-03 19:46:00,470.76,470.58,470.58,470.67,187420.0
1370,2024-01-03 19:47:00,470.68,470.66,470.66,470.805,74846.0
1371,2024-01-03 19:48:00,470.81,470.785,470.785,470.8,132884.0
1372,2024-01-03 19:49:00,470.81,470.51,470.51,470.53,90295.0
1373,2024-01-03 19:50:00,470.55,470.4,470.4,470.45,205702.0
1374,2024-01-03 19:51:00,470.4595,470.42,470.42,470.5601,152201.0
1375,2024-01-03 19:52:00,470.57,470.37,470.37,470.4,83871.0
1376,2024-01-03 19:53:00,470.42,470.4,470.4,470.47,83148.0
1377,2024-01-03 19:54:00,470.46,470.34,470.34,470.415,94157.0
1378,2024-01-03 19:55:00,470.41,470.23,470.23,470.34,136617.0
1379,2024-01-03 19:56:00,470.34,470.23,470.23,470.405,116490.0
1380,2024-01-03 19:57:00,470.4,470.36,470.36,470.4,51106.0
1381,2024-01-03 19:58:00,470.41,470.28,470.28,470.33,647526.0
1382,2024-01-03 19:59:00,470.33,470.18,470.18,470.2283,84694.0
1383,2024-01-03 20:00:00,470.23,470.13,470.13,470.18,137829.0
1384,2024-01-03 20:01:00,470.17,469.677,469.677,469.78,198827.0
1385,2024-01-03 20:02:00,469.75,469.74,469.74,470.0,407817.0
1386,2024-01-03 20:03:00,470.0,469.7312,469.7312,469.7312,189027.0
1387,2024-01-03 20:04:00,469.73,469.69,469.69,469.7406,156533.0
1388,2024-01-03 20:05:00,469.75,469.65,469.65,469.7101,114915.0
1389,2024-01-03 20:06:00,469.715,469.65,469.65,469.685,202137.0
1390,2024-01-03 20:07:00,469.68,469.44,469.44,469.54,341071.0
1391,2024-01-03 20:08:00,469.54,469.34,469.34,469.3823,228524.0
1392,2024-01-03 20:09:00,469.38,469.351,469.351,469.56,142969.0
1393,2024-01-03 20:10:00,469.55,469.522,469.522,469.65,196114.0
1394,2024-01-03 20:11:00,469.64,469.52,469.52,469.54,121594.0
1395,2024-01-03 20:12:00,469.55,469.42,469.42,469.4601,156428.0
1396,2024-01-03 20:13:00,469.46,469.3,469.3,469.43,116534.0
1397,2024-01-03 20:14:00,469.43,469.42,469.42,469.52,139266.0
1398,2024-01-03 20:15:00,469.53,469.31,469.31,469.33,140490.0
1399,2024-01-03 20:16:00,469.33,469.33,469.33,469.38,363200.0
1400,2024-01-03 20:17:00,469.39,469.21,469.21,469.27,121959.0
1401,2024-01-03 20:18:00,469.275,469.24,469.24,469.41,126623.0
1402,2024-01-03 20:19:00,469.41,469.335,469.335,469.37,370205.0
1403,2024-01-03 20:20:00,469.38,469.29,469.29,469.31,428205.0
1404,2024-01-03 20:21:00,469.31,469.24,469.24,469.36,183765.0
1405,2024-01-03 20:22:00,469.36,469.325,469.325,469.5,193094.0
1406,2024-01-03 20:23:00,469.51,469.465,469.465,469.5099,191354.0
1407,2024-01-03 20:24:00,469.505,469.13,469.13,469.1601,311402.0
1408,2024-01-03 20:25:00,469.17,469.06,469.06,469.12,175473.0
1409,2024-01-03 20:26:00,469.11,469.05,469.05,469.19,210868.0
1410,2024-01-03 20:27:00,469.2,469.045,469.045,469.095,240957.0
1411,2024-01-03 20:28:00,469.1,468.97,468.97,469.02,234077.0
1412,2024-01-03 20:29:00,469.02,468.99,468.99,469.26,161699.0
1413,2024-01-03 20:30:00,469.275,469.2,469.2,469.34,254676.0
1414,2024-01-03 20:31:00,469.35,469.34,469.34,469.5,316458.0
1415,2024-01-03 20:32:00,469.51,469.4801,469.4801,469.65,274928.0
1416,2024-01-03 20:33:00,469.645,469.59,469.59,469.639,268261.0
1417,2024-01-03 20:34:00,469.63,469.62,469.62,469.71,152861.0
1418,2024-01-03 20:35:00,469.705,469.62,469.62,469.6499,474690.0
1419,2024-01-03 20:36:00,469.64,469.55,469.55,469.56,494053.0
1420,2024-01-03 20:37:00,469.545,469.3,469.3,469.4,210565.0
1421,2024-01-03 20:38:00,469.4,469.35,469.35,469.48,121408.0
1422,2024-01-03 20:39:00,469.48,469.44,469.44,469.54,501631.0
1423,2024-01-03 20:40:00,469.545,469.44,469.44,469.61,167796.0
1424,2024-01-03 20:41:00,469.62,469.4,469.4,469.42,154996.0
1425,2024-01-03 20:42:00,469.41,469.3,469.3,469.325,221241.0
1426,2024-01-03 20:43:00,469.32,469.25,469.25,469.271,186965.0
1427,2024-01-03 20:44:00,469.27,468.98,468.98,469.03,369703.0
1428,2024-01-03 20:45:00,469.03,468.98,468.98,469.07,341346.0
1429,2024-01-03 20:46:00,469.07,468.975,468.975,469.0299,307432.0
1430,2024-01-03 20:47:00,469.03,468.92,468.92,469.0432,350165.0
1431,2024-01-03 20:48:00,469.06,469.055,469.055,469.06,321162.0
1432,2024-01-03 20:49:00,469.055,468.925,468.925,468.94,420695.0
1433,2024-01-03 20:50:00,468.94,468.43,468.43,468.5601,1044313.0
1434,2024-01-03 20:51:00,468.565,468.49,468.49,468.73,1360761.0
1435,2024-01-03 20:52:00,468.72,468.56,468.56,468.61,891902.0
1436,2024-01-03 20:53:00,468.61,468.21,468.21,468.25,939331.0
1437,2024-01-03 20:54:00,468.25,468.17,468.17,468.31,1642185.0
1438,2024-01-03 20:55:00,468.31,468.3,468.3,468.84,968715.0
1439,2024-01-03 20:56:00,468.845,468.69,468.69,468.835,884119.0
1440,2024-01-03 20:57:00,468.83,468.63,468.63,468.67,1680009.0
1441,2024-01-03 20:58:00,468.68,468.62,468.62,468.715,1325960.0
1442,2024-01-03 20:59:00,468.71,468.53,468.53,468.73,2314229.0
1443,2024-01-03 21:00:00,468.74,468.51,468.51,468.73,241136.0
1444,2024-01-03 21:01:00,468.71,468.68,468.68,468.7,133689.0
1445,2024-01-03 21:02:00,468.7,468.57,468.57,468.68,113077.0
1446,2024-01-03 21:03:00,468.67,468.64,468.64,468.65,48006.0
1447,2024-01-03 21:04:00,468.65,468.58,468.58,468.68,873715.0
1448,2024-01-03 21:05:00,468.66,468.66,468.66,468.76,445003.0
1449,2024-01-03 21:06:00,468.76,468.67,468.67,468.68,1030033.0
1450,2024-01-03 21:07:00,468.68,468.66,468.66,468.66,98291.0
1451,2024-01-03 21:08:00,468.66,468.66,468.66,468.69,21659.0
1452,2024-01-03 21:09:00,468.66,468.65,468.65,468.65,24550.0
1453,2024-01-03 21:10:00,468.66,468.65,468.65,468.7,5608115.0
1454,2024-01-03 21:11:00,468.71,468.67,468.67,468.69,1528884.0
1455,2024-01-03 21:12:00,468.69,468.65,468.65,468.69,83574.0
1456,2024-01-03 21:13:00,468.71,468.66,468.66,468.67,29551.0
1457,2024-01-03 21:14:00,468.67,468.67,468.67,468.75,47630.0
1458,2024-01-03 21:15:00,468.71,468.66,468.66,468.69,23405.0
1459,2024-01-03 21:16:00,468.67,468.64,468.64,468.65,23718.0
1460,2024-01-03 21:17:00,468.62,468.62,468.62,468.62,5196.0
1461,2024-01-03 21:18:00,468.63,468.63,468.63,468.63,172.0
1462,2024-01-03 21:19:00,468.65,468.62,468.62,468.63,19896.0
1463,2024-01-03 21:20:00,468.61,468.61,468.61,468.61,259636.0
1464,2024-01-03 21:21:00,468.62,468.62,468.62,468.66,14731.0
1465,2024-01-03 21:22:00,468.66,468.66,468.66,468.66,581.0
1466,2024-01-03 21:23:00,468.68,468.68,468.68,468.68,967.0
1467,2024-01-03 21:24:00,468.71,468.69,468.69,468.7,22209.0
1468,2024-01-03 21:25:00,468.68,468.68,468.68,468.7,544.0
1469,2024-01-03 21:26:00,468.68,468.68,468.68,468.68,263062.0
1470,2024-01-03 21:27:00,468.68,468.66,468.66,468.68,11185.0
1471,2024-01-03 21:28:00,468.72,468.72,468.72,468.73,1311.0
1472,2024-01-03 21:29:00,468.72,468.71,468.71,468.73,5658.0
1473,2024-01-03 21:30:00,468.7,468.7,468.7,468.71,844.0
1474,2024-01-03 21:31:00,468.71,468.66,468.66,468.68,99441.0
1475,2024-01-03 21:32:00,468.7,468.67,468.67,468.67,2402.0
1476,2024-01-03 21:33:00,468.67,468.66,468.66,468.6699,1942.0
1477,2024-01-03 21:34:00,468.66,468.66,468.66,468.69,3014.0
1478,2024-01-03 21:35:00,468.69,468.69,468.69,468.71,29980.0
1479,2024-01-03 21:36:00,468.7,468.66,468.66,468.66,308629.0
1480,2024-01-03 21:37:00,468.66,468.63,468.63,468.63,52806.0
1481,2024-01-03 21:39:00,468.69,468.68,468.68,468.7,10811.0
1482,2024-01-03 21:42:00,468.71,468.68,468.68,468.74,10654.0
1483,2024-01-03 21:43:00,468.75,468.75,468.75,468.75,1045.0
1484,2024-01-03 21:44:00,468.77,468.77,468.77,468.8,679.0
1485,2024-01-03 21:45:00,468.8,468.8,468.8,468.86,6990.0
1486,2024-01-03 21:46:00,468.84,468.84,468.84,468.85,2367.0
1487,2024-01-03 21:47:00,468.87,468.85,468.85,468.8599,4817.0
1488,2024-01-03 21:48:00,468.85,468.85,468.85,468.86,4442.0
1489,2024-01-03 21:49:00,468.87,468.85,468.85,468.86,4511.0
1490,2024-01-03 21:50:00,468.91,468.88,468.88,468.91,3647.0
1491,2024-01-03 21:51:00,468.88,468.88,468.88,468.89,470.0
1492,2024-01-03 21:52:00,468.89,468.89,468.89,468.9,1320.0
1493,2024-01-03 21:53:00,468.9,468.89,468.89,468.89,7242.0
1494,2024-01-03 21:55:00,468.91,468.91,468.91,468.91,1421.0
1495,2024-01-03 21:56:00,468.89,468.89,468.89,468.9,1832.0
1496,2024-01-03 21:57:00,468.91,468.9,468.9,468.9,6943.0
1497,2024-01-03 21:58:00,468.9,468.9,468.9,468.9,405.0
1498,2024-01-03 21:59:00,468.9,468.9,468.9,468.94,6652.0
1499,2024-01-03 22:00:00,468.93,468.93,468.93,468.96,4491.0
1500,2024-01-03 22:01:00,468.96,468.95,468.95,468.95,3713.0
1501,2024-01-03 22:02:00,468.96,468.96,468.96,469.0,3767.0
1502,2024-01-03 22:03:00,469.01,469.0,469.0,469.0,566.0
1503,2024-01-03 22:04:00,468.951,468.94,468.94,469.06,14082.0
1504,2024-01-03 22:06:00,468.96,468.96,468.96,468.96,166.0
1505,2024-01-03 22:07:00,469.03,468.96,468.96,468.96,13421.0
1506,2024-01-03 22:08:00,468.96,468.96,468.96,468.98,83904.0
1507,2024-01-03 22:09:00,469.04,468.94,468.94,468.96,807.0
1508,2024-01-03 22:12:00,469.0,469.0,469.0,469.0,219.0
1509,2024-01-03 22:13:00,468.97,468.97,468.97,468.97,2056.0
1510,2024-01-03 22:15:00,469.02,469.02,469.02,469.02,439.0
1511,2024-01-03 22:20:00,469.04,469.04,469.04,469.08,3511.0
1512,2024-01-03 22:21:00,469.1,469.09,469.09,469.1,7074.0
1513,2024-01-03 22:22:00,469.09,469.09,469.09,469.12,4453.0
1514,2024-01-03 22:23:00,469.1,469.08,469.08,469.08,2958.0
1515,2024-01-03 22:24:00,469.1,469.08,469.08,469.08,1191.0
1516,2024-01-03 22:25:00,469.1,469.1,469.1,469.11,878.0
1517,2024-01-03 22:26:00,469.11,469.11,469.11,469.15,2709.0
1518,2024-01-03 22:27:00,469.1,469.1,469.1,469.14,4726.0
1519,2024-01-03 22:28:00,468.79,468.79,468.79,468.79,1150.0
1520,2024-01-03 22:30:00,469.08,469.08,469.08,469.08,224.0
1521,2024-01-03 22:31:00,469.01,469.01,469.01,469.0315,1669.0
1522,2024-01-03 22:32:00,469.07,469.07,469.07,469.07,468.0
1523,2024-01-03 22:33:00,469.14,469.14,469.14,469.14,1422.0
1524,2024-01-03 22:34:00,469.14,469.14,469.14,469.14,1061.0
1525,2024-01-03 22:35:00,469.14,469.14,469.14,469.14,2357.0
1526,2024-01-03 22:36:00,469.14,469.14,469.14,469.14,1134.0
1527,2024-01-03 22:38:00,469.12,469.12,469.12,469.12,311.0
1528,2024-01-03 22:40:00,469.1,469.1,469.1,469.1,709.0
1529,2024-01-03 22:41:00,469.1,469.1,469.1,469.1,117.0
1530,2024-01-03 22:46:00,469.11,469.11,469.11,469.11,169.0
1531,2024-01-03 22:47:00,469.11,469.1,469.1,469.1001,638.0
1532,2024-01-03 22:49:00,469.07,469.07,469.07,469.07,360.0
1533,2024-01-03 22:52:00,469.1,469.1,469.1,469.1,163.0
1534,2024-01-03 22:54:00,469.08,469.08,469.08,469.08,128.0
1535,2024-01-03 22:55:00,469.08,469.08,469.08,469.08,286.0
1536,2024-01-03 22:56:00,469.1,469.1,469.1,469.1,560.0
1537,2024-01-03 22:57:00,469.12,469.12,469.12,469.14,1183.0
1538,2024-01-03 22:58:00,469.14,469.13,469.13,469.13,654.0
1539,2024-01-03 22:59:00,469.13,469.06,469.06,469.13,603.0
1540,2024-01-03 23:00:00,469.14,469.14,469.14,469.32,8904.0
1541,2024-01-03 23:01:00,469.32,469.285,469.285,469.3,669.0
1542,2024-01-03 23:02:00,469.32,469.29,469.29,469.29,5806.0
1543,2024-01-03 23:03:00,469.3,469.23,469.23,469.23,2613.0
1544,2024-01-03 23:04:00,469.2,469.2,469.2,469.2,648.0
1545,2024-01-03 23:05:00,469.21,469.21,469.21,469.23,2132.0
1546,2024-01-03 23:06:00,469.21,469.16,469.16,469.16,1281.0
1547,2024-01-03 23:07:00,469.14,469.11,469.11,469.11,1385.0
1548,2024-01-03 23:08:00,469.11,469.1099,469.1099,469.1099,3868.0
1549,2024-01-03 23:10:00,469.11,469.07,469.07,469.07,7240.0
1550,2024-01-03 23:12:00,469.07,469.06,469.06,469.0699,1981.0
1551,2024-01-03 23:13:00,469.06,469.06,469.06,469.09,608.0
1552,2024-01-03 23:14:00,469.089,469.089,469.089,469.09,556.0
1553,2024-01-03 23:16:00,469.09,469.08,469.08,469.08,1320.0
1554,2024-01-03 23:17:00,469.06,469.06,469.06,469.06,243.0
1555,2024-01-03 23:18:00,469.06,469.06,469.06,469.06,926.0
1556,2024-01-03 23:20:00,469.07,469.03,469.03,469.03,5007.0
1557,2024-01-03 23:21:00,469.07,469.06,469.06,469.06,4024.0
1558,2024-01-03 23:22:00,469.08,469.05,469.05,469.06,8099.0
1559,2024-01-03 23:24:00,469.11,469.06,469.06,469.06,4215.0
1560,2024-01-03 23:28:00,469.09,469.09,469.09,469.09,702.0
1561,2024-01-03 23:29:00,469.08,469.08,469.08,469.08,204.0
1562,2024-01-03 23:30:00,469.12,469.12,469.12,469.12,175.0
1563,2024-01-03 23:32:00,469.05,469.05,469.05,469.05,626.0
1564,2024-01-03 23:34:00,469.05,469.05,469.05,469.05,505.0
1565,2024-01-03 23:35:00,469.02,469.02,469.02,469.02,203.0
1566,2024-01-03 23:40:00,469.05,469.05,469.05,469.05,2258.0
1567,2024-01-03 23:41:00,469.02,469.02,469.02,469.02,534.0
1568,2024-01-03 23:42:00,469.0499,469.01,469.01,469.02,721.0
1569,2024-01-03 23:43:00,469.01,469.0,469.0,469.0,1603.0
1570,2024-01-03 23:45:00,469.0,469.0,469.0,469.0,399.0
1571,2024-01-03 23:46:00,469.01,469.01,469.01,469.01,161.0
1572,2024-01-03 23:47:00,469.01,469.0,469.0,469.0,1746.0
1573,2024-01-03 23:49:00,469.0299,469.0,469.0,469.03,420.0
1574,2024-01-03 23:50:00,469.03,469.03,469.03,469.03,356.0
1575,2024-01-03 23:53:00,469.04,469.03,469.03,469.03,5002.0
1576,2024-01-03 23:54:00,469.1,469.1,469.1,469.1,362.0
1577,2024-01-03 23:57:00,469.06,469.06,469.06,469.06,662.0
1578,2024-01-04 00:00:00,469.07,468.95,468.95,468.96,4190.0
1579,2024-01-04 00:01:00,468.92,468.9,468.9,468.9,1178.0
1580,2024-01-04 00:02:00,468.9,468.88,468.88,468.88,740.0
1581,2024-01-04 00:03:00,468.9199,468.9199,468.9199,468.9199,1378.0
1582,2024-01-04 00:04:00,468.9,468.9,468.9,468.9,229.0
1583,2024-01-04 00:06:00,468.85,468.85,468.85,468.85,137.0
1584,2024-01-04 00:08:00,468.89,468.89,468.89,468.89,327.0
1585,2024-01-04 00:09:00,468.89,468.84,468.84,468.84,708.0
1586,2024-01-04 00:10:00,468.86,468.86,468.86,468.8704,5217.0
1587,2024-01-04 00:11:00,468.86,468.86,468.86,468.86,503.0
1588,2024-01-04 00:12:00,468.83,468.811,468.811,468.811,1325.0
1589,2024-01-04 00:13:00,468.83,468.83,468.83,468.83,828.0
1590,2024-01-04 00:14:00,468.87,468.87,468.87,468.87,184.0
1591,2024-01-04 00:15:00,468.83,468.83,468.83,468.83,695.0
1592,2024-01-04 00:17:00,468.88,468.88,468.88,468.88,156.0
1593,2024-01-04 00:18:00,468.91,468.91,468.91,468.91,206.0
1594,2024-01-04 00:19:00,468.9,468.88,468.88,468.88,442.0
1595,2024-01-04 00:21:00,468.93,468.93,468.93,468.93,932.0
1596,2024-01-04 00:22:00,469.01,469.01,469.01,469.01,448.0
1597,2024-01-04 00:23:00,469.08,469.08,469.08,469.08,823.0
1598,2024-01-04 00:24:00,469.06,469.0,469.0,469.0,22940.0
1599,2024-01-04 00:26:00,469.15,469.15,469.15,469.17,11229.0
1600,2024-01-04 00:27:00,469.15,469.1,469.1,469.1,893.0
1601,2024-01-04 00:28:00,469.15,469.15,469.15,469.15,217.0
1602,2024-01-04 00:29:00,469.1594,469.1594,469.1594,469.1594,166.0
1603,2024-01-04 00:30:00,469.14,469.12,469.12,469.12,1889.0
1604,2024-01-04 00:31:00,469.1,469.08,469.08,469.08,2671.0
1605,2024-01-04 00:32:00,469.1,469.1,469.1,469.12,584.0
1606,2024-01-04 00:33:00,469.14,469.14,469.14,469.14,3013.0
1607,2024-01-04 00:36:00,469.13,469.13,469.13,469.13,169.0
1608,2024-01-04 00:37:00,469.15,469.15,469.15,469.17,8579.0
1609,2024-01-04 00:38:00,469.17,469.14,469.14,469.15,1512.0
1610,2024-01-04 00:39:00,469.17,469.17,469.17,469.17,606.0
1611,2024-01-04 00:40:00,469.19,469.19,469.19,469.19,182.0
1612,2024-01-04 00:42:00,469.21,469.19,469.19,469.19,680.0
1613,2024-01-04 00:44:00,469.19,469.19,469.19,469.19,131.0
1614,2024-01-04 00:46:00,469.22,469.22,469.22,469.23,682.0
1615,2024-01-04 00:47:00,469.27,469.27,469.27,469.27,457.0
1616,2024-01-04 00:48:00,469.27,469.27,469.27,469.28,1030.0
1617,2024-01-04 00:49:00,469.3,469.3,469.3,469.3,116.0
1618,2024-01-04 00:50:00,469.3,469.3,469.3,469.3,434.0
1619,2024-01-04 00:51:00,469.24,469.24,469.24,469.24,254.0
1620,2024-01-04 00:53:00,469.3,469.3,469.3,469.3,337.0
1621,2024-01-04 00:54:00,469.3,469.29,469.29,469.29,6034.0
1622,2024-01-04 00:55:00,469.34,469.34,469.34,469.36,15259.0
1623,2024-01-04 00:59:00,469.29,469.29,469.29,469.35,3974.0
1624,2024-01-04 09:01:00,469.4,469.4,469.4,469.4,233.0
1625,2024-01-04 09:03:00,469.3,469.3,469.3,469.3,160.0
1626,2024-01-04 09:04:00,469.3,469.3,469.3,469.3,372.0
1627,2024-01-04 09:05:00,469.26,469.26,469.26,469.26,616.0
1628,2024-01-04 09:06:00,469.26,469.26,469.26,469.26,208.0
1629,2024-01-04 09:07:00,469.26,469.26,469.26,469.35,609.0
1630,2024-01-04 09:08:00,469.35,469.35,469.35,469.38,500.0
1631,2024-01-04 09:09:00,469.36,469.36,469.36,469.36,157.0
1632,2024-01-04 09:10:00,469.4,469.4,469.4,469.4,302.0
1633,2024-01-04 09:13:00,469.3,469.3,469.3,469.3,204.0
1634,2024-01-04 09:15:00,469.36,469.36,469.36,469.38,206.0
1635,2024-01-04 09:16:00,469.42,469.42,469.42,469.42,407.0
1636,2024-01-04 09:18:00,469.61,469.61,469.61,469.61,1025.0
1637,2024-01-04 09:19:00,469.69,469.69,469.69,469.74,404.0
1638,2024-01-04 09:21:00,469.6,469.6,469.6,469.6,623.0
1639,2024-01-04 09:22:00,469.5,469.5,469.5,469.5,101.0
1640,2024-01-04 09:27:00,469.57,469.57,469.57,469.57,1011.0
1641,2024-01-04 09:28:00,469.64,469.64,469.64,469.64,157.0
1642,2024-01-04 09:29:00,469.64,469.64,469.64,469.64,262.0
1643,2024-01-04 09:30:00,469.74,469.74,469.74,469.74,504.0
1644,2024-01-04 09:31:00,469.81,469.81,469.81,469.81,305.0
1645,2024-01-04 09:32:00,469.74,469.74,469.74,469.74,180.0
1646,2024-01-04 09:33:00,469.76,469.76,469.76,469.76,110.0
1647,2024-01-04 09:34:00,469.68,469.68,469.68,469.68,226.0
1648,2024-01-04 09:36:00,469.6,469.6,469.6,469.6,294.0
1649,2024-01-04 09:38:00,469.64,469.64,469.64,469.64,105.0
1650,2024-01-04 09:41:00,469.64,469.64,469.64,469.64,101.0
1651,2024-01-04 09:42:00,469.68,469.68,469.68,469.68,158.0
1652,2024-01-04 09:44:00,469.65,469.65,469.65,469.65,100.0
1653,2024-01-04 09:45:00,469.61,469.61,469.61,469.61,135.0
1654,2024-01-04 09:48:00,469.52,469.52,469.52,469.52,200.0
1655,2024-01-04 09:49:00,469.5,469.5,469.5,469.5,164.0
1656,2024-01-04 09:50:00,469.56,469.56,469.56,469.56,780.0
1657,2024-01-04 09:53:00,469.65,469.65,469.65,469.65,383.0
1658,2024-01-04 09:54:00,469.66,469.66,469.66,469.66,594.0
1659,2024-01-04 09:55:00,469.64,469.64,469.64,469.64,889.0
1660,2024-01-04 09:56:00,469.7,469.7,469.7,469.7,383.0
1661,2024-01-04 09:58:00,469.71,469.71,469.71,469.71,375.0
1662,2024-01-04 10:00:00,469.72,469.72,469.72,469.72,313.0
1663,2024-01-04 10:01:00,469.67,469.65,469.65,469.68,3482.0
1664,2024-01-04 10:02:00,469.52,469.52,469.52,469.52,334.0
1665,2024-01-04 10:07:00,469.4,469.4,469.4,469.4,439.0
1666,2024-01-04 10:12:00,469.49,469.49,469.49,469.49,416.0
1667,2024-01-04 10:16:00,469.54,469.54,469.54,469.54,419.0
1668,2024-01-04 10:17:00,469.57,469.57,469.57,469.65,485.0
1669,2024-01-04 10:18:00,469.69,469.69,469.69,469.69,265.0
1670,2024-01-04 10:19:00,469.73,469.73,469.73,469.73,423.0
1671,2024-01-04 10:23:00,469.69,469.69,469.69,469.69,474.0
1672,2024-01-04 10:24:00,469.7,469.7,469.7,469.75,15320.0
1673,2024-01-04 10:25:00,469.75,469.75,469.75,469.75,10054.0
1674,2024-01-04 10:26:00,469.78,469.78,469.78,469.78,602.0
1675,2024-01-04 10:33:00,469.54,469.54,469.54,469.55,513.0
1676,2024-01-04 10:38:00,469.62,469.62,469.62,469.62,613.0
1677,2024-01-04 10:41:00,469.6,469.6,469.6,469.6,297.0
1678,2024-01-04 10:47:00,469.32,469.32,469.32,469.32,360.0
1679,2024-01-04 10:48:00,469.26,469.26,469.26,469.26,929.0
1680,2024-01-04 10:50:00,469.28,469.28,469.28,469.28,360.0
1681,2024-01-04 10:52:00,469.32,469.29,469.29,469.29,332.0
1682,2024-01-04 10:53:00,469.24,469.24,469.24,469.24,842.0
1683,2024-01-04 10:58:00,469.52,469.52,469.52,469.52,298.0
1684,2024-01-04 11:00:00,469.46,469.46,469.46,469.46,100.0
1685,2024-01-04 11:06:00,469.57,469.57,469.57,469.57,102.0
1686,2024-01-04 11:07:00,469.53,469.53,469.53,469.53,125.0
1687,2024-01-04 11:10:00,469.51,469.51,469.51,469.51,500.0
1688,2024-01-04 11:14:00,469.48,469.48,469.48,469.48,126.0
1689,2024-01-04 11:21:00,469.62,469.62,469.62,469.62,600.0
1690,2024-01-04 11:22:00,469.67,469.66,469.66,469.66,8400.0
1691,2024-01-04 11:23:00,469.74,469.69,469.69,469.69,367.0
1692,2024-01-04 11:26:00,469.71,469.71,469.71,469.71,111.0
1693,2024-01-04 11:31:00,469.67,469.67,469.67,469.67,375.0
1694,2024-01-04 11:32:00,469.65,469.65,469.65,469.65,250.0
1695,2024-01-04 11:33:00,469.62,469.62,469.62,469.62,354.0
1696,2024-01-04 11:34:00,469.59,469.55,469.55,469.56,7205.0
1697,2024-01-04 11:35:00,469.52,469.52,469.52,469.52,596.0
1698,2024-01-04 11:37:00,469.41,469.4,469.4,469.4,653.0
1699,2024-01-04 11:38:00,469.36,469.36,469.36,469.36,537.0
1700,2024-01-04 11:39:00,469.23,469.15,469.15,469.15,5251.0
1701,2024-01-04 11:40:00,469.17,469.16,469.16,469.16,396.0
1702,2024-01-04 11:41:00,469.0,468.98,468.98,469.05,1404.0
1703,2024-01-04 11:42:00,469.01,469.01,469.01,469.01,279.0
1704,2024-01-04 11:43:00,469.15,469.13,469.13,469.16,729.0
1705,2024-01-04 11:44:00,469.12,469.12,469.12,469.12,227.0
1706,2024-01-04 11:45:00,469.09,469.07,469.07,469.12,5865.0
1707,2024-01-04 11:46:00,469.05,469.05,469.05,469.05,931.0
1708,2024-01-04 11:47:00,469.09,469.09,469.09,469.2,1636.0
1709,2024-01-04 11:48:00,469.25,469.25,469.25,469.25,122.0
1710,2024-01-04 11:49:00,469.24,469.24,469.24,469.24,170.0
1711,2024-01-04 11:51:00,469.22,469.22,469.22,469.22,204.0
1712,2024-01-04 11:53:00,469.23,469.23,469.23,469.23,1078.0
1713,2024-01-04 11:54:00,469.17,469.17,469.17,469.17,355.0
1714,2024-01-04 11:55:00,469.09,469.02,469.02,469.02,871.0
1715,2024-01-04 11:56:00,469.01,469.01,469.01,469.01,2540.0
1716,2024-01-04 11:57:00,468.98,468.95,468.95,468.95,1931.0
1717,2024-01-04 11:58:00,469.0,469.0,469.0,469.1,241.0
1718,2024-01-04 12:00:00,469.07,469.02,469.02,469.07,1243.0
1719,2024-01-04 12:01:00,469.08,469.0,469.0,469.0,1070.0
1720,2024-01-04 12:02:00,468.95,468.9,468.9,468.9,3827.0
1721,2024-01-04 12:03:00,468.78,468.78,468.78,468.78,1062.0
1722,2024-01-04 12:04:00,468.88,468.84,468.84,468.84,1235.0
1723,2024-01-04 12:05:00,468.83,468.8,468.8,468.83,1274.0
1724,2024-01-04 12:06:00,468.79,468.7,468.7,468.73,11768.0
1725,2024-01-04 12:07:00,468.69,468.68,468.68,468.74,1061.0
1726,2024-01-04 12:08:00,468.75,468.75,468.75,468.78,3194.0
1727,2024-01-04 12:09:00,468.82,468.82,468.82,468.87,527.0
1728,2024-01-04 12:10:00,468.87,468.87,468.87,468.87,103.0
1729,2024-01-04 12:11:00,469.09,469.09,469.09,469.1,537.0
1730,2024-01-04 12:12:00,469.1,469.1,469.1,469.16,1990.0
1731,2024-01-04 12:13:00,469.16,469.16,469.16,469.25,2806.0
1732,2024-01-04 12:14:00,469.25,469.25,469.25,469.25,671.0
1733,2024-01-04 12:15:00,469.17,469.17,469.17,469.17,308.0
1734,2024-01-04 12:16:00,469.06,469.06,469.06,469.06,162.0
1735,2024-01-04 12:17:00,469.04,469.03,469.03,469.07,10386.0
1736,2024-01-04 12:18:00,469.06,469.0,469.0,469.0,232.0
1737,2024-01-04 12:19:00,468.99,468.99,468.99,469.13,2371.0
1738,2024-01-04 12:20:00,469.11,469.11,469.11,469.14,1670.0
1739,2024-01-04 12:21:00,469.12,469.12,469.12,469.12,553.0
1740,2024-01-04 12:22:00,469.06,469.05,469.05,469.1,1302.0
1741,2024-01-04 12:24:00,469.03,469.03,469.03,469.16,2003.0
1742,2024-01-04 12:25:00,469.18,469.18,469.18,469.19,1716.0
1743,2024-01-04 12:26:00,469.18,469.18,469.18,469.23,3073.0
1744,2024-01-04 12:27:00,469.31,469.31,469.31,469.38,7611.0
1745,2024-01-04 12:28:00,469.38,469.37,469.37,469.38,8100.0
1746,2024-01-04 12:29:00,469.4,469.39,469.39,469.39,965.0
1747,2024-01-04 12:30:00,469.4,469.36,469.36,469.4,4737.0
1748,2024-01-04 12:31:00,469.51,469.46,469.46,469.5,3473.0
1749,2024-01-04 12:32:00,469.56,469.56,469.56,469.62,3821.0
1750,2024-01-04 12:33:00,469.65,469.65,469.65,469.67,782.0
1751,2024-01-04 12:34:00,469.67,469.67,469.67,469.7,2096.0
1752,2024-01-04 12:35:00,469.72,469.67,469.67,469.67,11432.0
1753,2024-01-04 12:36:00,469.62,469.58,469.58,469.58,646.0
1754,2024-01-04 12:38:00,469.45,469.45,469.45,469.45,458.0
1755,2024-01-04 12:39:00,469.44,469.44,469.44,469.44,640.0
1756,2024-01-04 12:40:00,469.39,469.35,469.35,469.39,503.0
1757,2024-01-04 12:41:00,469.44,469.44,469.44,469.44,447.0
1758,2024-01-04 12:42:00,469.5,469.5,469.5,469.55,6223.0
1759,2024-01-04 12:45:00,469.61,469.59,469.59,469.64,5025.0
1760,2024-01-04 12:46:00,469.64,469.64,469.64,469.64,101.0
1761,2024-01-04 12:47:00,469.56,469.56,469.56,469.56,130.0
1762,2024-01-04 12:48:00,469.55,469.55,469.55,469.55,480.0
1763,2024-01-04 12:49:00,469.45,469.45,469.45,469.45,264.0
1764,2024-01-04 12:50:00,469.52,469.52,469.52,469.52,205.0
1765,2024-01-04 12:51:00,469.51,469.45,469.45,469.49,4361.0
1766,2024-01-04 12:53:00,469.4,469.38,469.38,469.38,2339.0
1767,2024-01-04 12:54:00,469.37,469.37,469.37,469.4,1520.0
1768,2024-01-04 12:55:00,469.4,469.4,469.4,469.44,5961.0
1769,2024-01-04 12:57:00,469.38,469.38,469.38,469.4,3435.0
1770,2024-01-04 12:58:00,469.42,469.37,469.37,469.37,683.0
1771,2024-01-04 12:59:00,469.33,469.32,469.32,469.35,2670.0
1772,2024-01-04 13:00:00,469.08,468.74,468.74,469.26,34216.0
1773,2024-01-04 13:01:00,469.24,469.21,469.21,469.89,6617.0
1774,2024-01-04 13:02:00,469.79,469.2,469.2,469.2104,3572.0
1775,2024-01-04 13:03:00,469.73,469.1904,469.1904,469.24,9110.0
1776,2024-01-04 13:04:00,469.25,469.13,469.13,469.16,4859.0
1777,2024-01-04 13:05:00,469.19,469.19,469.19,469.25,9845.0
1778,2024-01-04 13:06:00,469.21,469.21,469.21,469.22,1119.0
1779,2024-01-04 13:07:00,469.2,469.17,469.17,469.17,951.0
1780,2024-01-04 13:08:00,469.11,469.11,469.11,469.17,3787.0
1781,2024-01-04 13:09:00,469.18,469.17,469.17,469.2,3407.0
1782,2024-01-04 13:10:00,469.19,469.14,469.14,469.14,2395.0
1783,2024-01-04 13:11:00,469.1,469.1,469.1,469.12,4564.0
1784,2024-01-04 13:12:00,469.2,469.16,469.16,469.17,939.0
1785,2024-01-04 13:13:00,469.18,469.18,469.18,469.19,2382.0
1786,2024-01-04 13:14:00,469.22,469.22,469.22,469.23,5916.0
1787,2024-01-04 13:15:00,469.14,468.84,468.84,469.24,13661.0
1788,2024-01-04 13:16:00,469.35,469.15,469.15,469.15,2932.0
1789,2024-01-04 13:17:00,469.21,469.21,469.21,469.37,1008.0
1790,2024-01-04 13:18:00,469.28,469.22,469.22,469.22,5234.0
1791,2024-01-04 13:19:00,469.15,469.02,469.02,469.05,10619.0
1792,2024-01-04 13:20:00,469.1,469.07,469.07,469.07,1565.0
1793,2024-01-04 13:21:00,469.07,469.0,469.0,469.04,4150.0
1794,2024-01-04 13:22:00,469.0,469.0,469.0,469.06,1544.0
1795,2024-01-04 13:23:00,469.05,469.03,469.03,469.15,10303.0
1796,2024-01-04 13:24:00,469.18,469.16,469.16,469.18,1616.0
1797,2024-01-04 13:25:00,469.17,469.0608,469.0608,469.0608,1154.0
1798,2024-01-04 13:26:00,469.15,469.15,469.15,469.22,1400.0
1799,2024-01-04 13:27:00,469.29,469.27,469.27,469.27,1132.0
1800,2024-01-04 13:28:00,469.25,469.25,469.25,469.33,4007.0
1801,2024-01-04 13:29:00,469.31,469.31,469.31,469.32,9170.0
1802,2024-01-04 13:30:00,469.2,469.06,469.06,469.13,22258.0
1803,2024-01-04 13:31:00,469.14,468.94,468.94,468.94,7644.0
1804,2024-01-04 13:32:00,468.95,468.831,468.831,468.831,17507.0
1805,2024-01-04 13:33:00,468.83,468.76,468.76,468.8,8990.0
1806,2024-01-04 13:34:00,468.79,468.79,468.79,468.93,2328.0
1807,2024-01-04 13:35:00,468.8,468.76,468.76,468.79,4700.0
1808,2024-01-04 13:36:00,468.77,468.73,468.73,468.91,2622.0
1809,2024-01-04 13:37:00,468.9,468.83,468.83,468.86,1009.0
1810,2024-01-04 13:38:00,468.84,468.75,468.75,468.75,8776.0
1811,2024-01-04 13:39:00,468.74,468.621,468.621,468.621,5895.0
1812,2024-01-04 13:40:00,468.62,468.62,468.62,468.63,5886.0
1813,2024-01-04 13:41:00,468.61,468.53,468.53,468.64,5790.0
1814,2024-01-04 13:42:00,468.63,468.5,468.5,468.56,16825.0
1815,2024-01-04 13:43:00,468.61,468.61,468.61,468.67,11953.0
1816,2024-01-04 13:44:00,468.67,468.66,468.66,468.67,1913.0
1817,2024-01-04 13:45:00,468.64,468.61,468.61,468.74,23689.0
1818,2024-01-04 13:46:00,468.73,468.69,468.69,468.69,2702.0
1819,2024-01-04 13:47:00,468.7,468.7,468.7,468.76,1019.0
1820,2024-01-04 13:48:00,468.8,468.8,468.8,468.94,4925.0
1821,2024-01-04 13:49:00,468.93,468.88,468.88,468.99,3478.0
1822,2024-01-04 13:50:00,468.97,468.97,468.97,468.99,3163.0
1823,2024-01-04 13:51:00,468.93,468.93,468.93,468.97,944.0
1824,2024-01-04 13:52:00,468.97,468.87,468.87,468.89,1703.0
1825,2024-01-04 13:53:00,468.87,468.87,468.87,468.88,6124.0
1826,2024-01-04 13:54:00,468.87,468.86,468.86,468.87,2807.0
1827,2024-01-04 13:55:00,468.87,468.87,468.87,468.96,2290.0
1828,2024-01-04 13:56:00,468.87,468.79,468.79,468.79,18457.0
1829,2024-01-04 13:57:00,468.79,468.79,468.79,468.79,585.0
1830,2024-01-04 13:58:00,468.81,468.79,468.79,468.8,770.0
1831,2024-01-04 13:59:00,468.85,468.66,468.66,468.66,15053.0
1832,2024-01-04 14:00:00,468.66,468.64,468.64,468.64,1925.0
1833,2024-01-04 14:01:00,468.64,468.6,468.6,468.62,2902.0
1834,2024-01-04 14:02:00,468.65,468.65,468.65,468.67,16719.0
1835,2024-01-04 14:03:00,468.64,468.59,468.59,468.61,7189.0
1836,2024-01-04 14:04:00,468.63,468.53,468.53,468.56,2117.0
1837,2024-01-04 14:05:00,468.53,468.52,468.52,468.52,10071.0
1838,2024-01-04 14:06:00,468.52,468.45,468.45,468.64,9367.0
1839,2024-01-04 14:07:00,468.62,468.53,468.53,468.61,1577.0
1840,2024-01-04 14:08:00,468.69,468.68,468.68,468.74,2089.0
1841,2024-01-04 14:09:00,468.76,468.64,468.64,468.71,6398.0
1842,2024-01-04 14:10:00,468.76,468.76,468.76,468.81,1326.0
1843,2024-01-04 14:11:00,468.86,468.86,468.86,468.98,14064.0
1844,2024-01-04 14:12:00,468.95,468.79,468.79,468.82,5088.0
1845,2024-01-04 14:13:00,468.86,468.86,468.86,468.89,404.0
1846,2024-01-04 14:14:00,468.89,468.89,468.89,468.89,6379.0
1847,2024-01-04 14:15:00,468.92,468.85,468.85,468.85,2323.0
1848,2024-01-04 14:16:00,468.88,468.79,468.79,468.79,704.0
1849,2024-01-04 14:17:00,468.79,468.75,468.75,468.79,3575.0
1850,2024-01-04 14:18:00,468.79,468.78,468.78,468.78,741.0
1851,2024-01-04 14:19:00,468.77,468.73,468.73,468.73,5073.0
1852,2024-01-04 14:20:00,468.71,468.69,468.69,468.71,6338.0
1853,2024-01-04 14:21:00,468.68,468.68,468.68,468.71,3387.0
1854,2024-01-04 14:22:00,468.71,468.62,468.62,468.64,7391.0
1855,2024-01-04 14:23:00,468.619,468.52,468.52,468.55,9301.0
1856,2024-01-04 14:24:00,468.54,468.43,468.43,468.43,10480.0
1857,2024-01-04 14:25:00,468.49,468.43,468.43,468.44,5933.0
1858,2024-01-04 14:26:00,468.45,468.1,468.1,468.19,115692.0
1859,2024-01-04 14:27:00,468.26,468.22,468.22,468.29,19104.0
1860,2024-01-04 14:28:00,468.26,468.26,468.26,468.31,3691.0
1861,2024-01-04 14:29:00,468.29,468.26,468.26,468.32,16899.0
1862,2024-01-04 14:30:00,468.3,468.11,468.11,468.45,742585.0
1863,2024-01-04 14:31:00,468.45,468.3,468.3,468.67,353060.0
1864,2024-01-04 14:32:00,468.68,468.64,468.64,469.05,344302.0
1865,2024-01-04 14:33:00,469.06,468.72,468.72,468.73,185919.0
1866,2024-01-04 14:34:00,468.75,468.58,468.58,468.85,215825.0
1867,2024-01-04 14:35:00,468.87,468.595,468.595,468.865,822687.0
1868,2024-01-04 14:36:00,468.86,468.67,468.67,468.8,245524.0
1869,2024-01-04 14:37:00,468.8,468.755,468.755,468.83,134522.0
1870,2024-01-04 14:38:00,468.82,468.82,468.82,468.96,281100.0
1871,2024-01-04 14:39:00,468.9592,468.85,468.85,469.01,139911.0
1872,2024-01-04 14:40:00,469.01,468.61,468.61,468.68,208932.0
1873,2024-01-04 14:41:00,468.69,468.63,468.63,468.9301,140841.0
1874,2024-01-04 14:42:00,468.93,468.86,468.86,468.89,134569.0
1875,2024-01-04 14:43:00,468.88,468.88,468.88,469.055,88311.0
1876,2024-01-04 14:44:00,469.06,468.87,468.87,469.0,203065.0
1877,2024-01-04 14:45:00,468.98,468.82,468.82,469.085,143304.0
1878,2024-01-04 14:46:00,469.08,468.8,468.8,468.8,134422.0
1879,2024-01-04 14:47:00,468.82,468.76,468.76,468.865,154883.0
1880,2024-01-04 14:48:00,468.865,468.47,468.47,468.67,210410.0
1881,2024-01-04 14:49:00,468.67,468.55,468.55,468.62,176014.0
1882,2024-01-04 14:50:00,468.63,468.59,468.59,468.87,87341.0
1883,2024-01-04 14:51:00,468.86,468.76,468.76,468.97,93394.0
1884,2024-01-04 14:52:00,468.97,468.97,468.97,469.08,97611.0
1885,2024-01-04 14:53:00,469.075,468.9999,468.9999,469.01,125947.0
1886,2024-01-04 14:54:00,469.02,468.9036,468.9036,469.11,144599.0
1887,2024-01-04 14:55:00,469.12,469.0199,469.0199,469.105,176153.0
1888,2024-01-04 14:56:00,469.1,469.06,469.06,469.1101,107069.0
1889,2024-01-04 14:57:00,469.13,468.94,468.94,468.97,124294.0
1890,2024-01-04 14:58:00,468.98,468.77,468.77,468.86,116312.0
1891,2024-01-04 14:59:00,468.87,468.74,468.74,468.92,146085.0
1892,2024-01-04 15:00:00,468.9,468.685,468.685,469.18,299445.0
1893,2024-01-04 15:01:00,469.17,469.1113,469.1113,469.543,356316.0
1894,2024-01-04 15:02:00,469.54,469.3,469.3,469.34,157219.0
1895,2024-01-04 15:03:00,469.34,469.29,469.29,469.46,152250.0
1896,2024-01-04 15:04:00,469.45,469.44,469.44,469.7,226743.0
1897,2024-01-04 15:05:00,469.705,469.465,469.465,469.52,191420.0
1898,2024-01-04 15:06:00,469.52,469.45,469.45,469.4501,107246.0
1899,2024-01-04 15:07:00,469.46,469.46,469.46,469.59,107983.0
1900,2024-01-04 15:08:00,469.59,469.59,469.59,469.75,236435.0
1901,2024-01-04 15:09:00,469.75,469.74,469.74,469.96,239856.0
1902,2024-01-04 15:10:00,469.96,469.785,469.785,469.81,222574.0
1903,2024-01-04 15:11:00,469.8201,469.71,469.71,469.9,247090.0
1904,2024-01-04 15:12:00,469.9,469.8201,469.8201,470.06,653537.0
1905,2024-01-04 15:13:00,470.06,469.91,469.91,469.94,187861.0
1906,2024-01-04 15:14:00,469.94,469.9,469.9,470.09,158097.0
1907,2024-01-04 15:15:00,470.09,469.92,469.92,469.97,205049.0
1908,2024-01-04 15:16:00,469.96,469.79,469.79,469.85,157995.0
1909,2024-01-04 15:17:00,469.8385,469.835,469.835,469.935,100834.0
1910,2024-01-04 15:18:00,469.94,469.82,469.82,469.895,164813.0
1911,2024-01-04 15:19:00,469.89,469.79,469.79,469.85,108482.0
1912,2024-01-04 15:20:00,469.85,469.67,469.67,469.82,117918.0
1913,2024-01-04 15:21:00,469.815,469.56,469.56,469.695,148626.0
1914,2024-01-04 15:22:00,469.69,469.69,469.69,469.725,115894.0
1915,2024-01-04 15:23:00,469.72,469.61,469.61,469.61,129651.0
1916,2024-01-04 15:24:00,469.62,469.52,469.52,469.7695,132795.0
1917,2024-01-04 15:25:00,469.77,469.565,469.565,469.61,84916.0
1918,2024-01-04 15:26:00,469.61,469.555,469.555,469.62,121914.0
1919,2024-01-04 15:27:00,469.63,469.63,469.63,469.755,69611.0
1920,2024-01-04 15:28:00,469.76,469.7219,469.7219,469.82,120930.0
1921,2024-01-04 15:29:00,469.82,469.7501,469.7501,469.765,112160.0
1922,2024-01-04 15:30:00,469.76,469.64,469.64,469.64,95188.0
1923,2024-01-04 15:31:00,469.62,469.62,469.62,469.8,61976.0
1924,2024-01-04 15:32:00,469.8012,469.705,469.705,469.8399,157965.0
1925,2024-01-04 15:33:00,469.84,469.81,469.81,469.93,136471.0
1926,2024-01-04 15:34:00,469.935,469.8001,469.8001,469.845,65492.0
1927,2024-01-04 15:35:00,469.86,469.72,469.72,469.78,63436.0
1928,2024-01-04 15:36:00,469.78,469.77,469.77,469.89,112238.0
1929,2024-01-04 15:37:00,469.9,469.71,469.71,469.76,94423.0
1930,2024-01-04 15:38:00,469.7599,469.73,469.73,469.83,92020.0
1931,2024-01-04 15:39:00,469.8299,469.7,469.7,469.705,113600.0
1932,2024-01-04 15:40:00,469.71,469.67,469.67,469.775,94684.0
1933,2024-01-04 15:41:00,469.78,469.76,469.76,469.83,63115.0
1934,2024-01-04 15:42:00,469.835,469.66,469.66,469.69,98395.0
1935,2024-01-04 15:43:00,469.7,469.7,469.7,469.92,99899.0
1936,2024-01-04 15:44:00,469.92,469.91,469.91,470.042,80682.0
1937,2024-01-04 15:45:00,470.05,469.93,469.93,469.96,95477.0
1938,2024-01-04 15:46:00,469.955,469.93,469.93,469.93,89738.0
1939,2024-01-04 15:47:00,469.93,469.93,469.93,470.01,45193.0
1940,2024-01-04 15:48:00,469.99,469.99,469.99,470.06,76676.0
1941,2024-01-04 15:49:00,470.06,470.0203,470.0203,470.2001,74424.0
1942,2024-01-04 15:50:00,470.19,470.028,470.028,470.11,79308.0
1943,2024-01-04 15:51:00,470.1,470.07,470.07,470.14,63265.0
1944,2024-01-04 15:52:00,470.15,469.97,469.97,470.0,113347.0
1945,2024-01-04 15:53:00,469.9985,469.82,469.82,469.88,115250.0
1946,2024-01-04 15:54:00,469.88,469.88,469.88,470.06,71484.0
1947,2024-01-04 15:55:00,470.04,469.86,469.86,469.925,196233.0
1948,2024-01-04 15:56:00,469.92,469.8501,469.8501,470.015,38329.0
1949,2024-01-04 15:57:00,470.0,469.9391,469.9391,470.1005,45250.0
1950,2024-01-04 15:58:00,470.105,469.85,469.85,469.865,64658.0
1951,2024-01-04 15:59:00,469.86,469.81,469.81,469.851,79507.0
1952,2024-01-04 16:00:00,469.87,469.87,469.87,469.91,52166.0
1953,2024-01-04 16:01:00,469.91,469.91,469.91,470.1,74449.0
1954,2024-01-04 16:02:00,470.1,469.93,469.93,469.93,71291.0
1955,2024-01-04 16:03:00,469.94,469.94,469.94,470.05,61083.0
1956,2024-01-04 16:04:00,470.06,470.0096,470.0096,470.06,45773.0
1957,2024-01-04 16:05:00,470.05,469.99,469.99,470.1,43182.0
1958,2024-01-04 16:06:00,470.11,470.0515,470.0515,470.14,55404.0
1959,2024-01-04 16:07:00,470.145,469.98,469.98,470.07,72886.0
1960,2024-01-04 16:08:00,470.06,470.05,470.05,470.14,76099.0
1961,2024-01-04 16:09:00,470.1301,470.11,470.11,470.18,57672.0
1962,2024-01-04 16:10:00,470.18,470.135,470.135,470.35,249855.0
1963,2024-01-04 16:11:00,470.35,470.31,470.31,470.51,121827.0
1964,2024-01-04 16:12:00,470.508,470.47,470.47,470.49,149732.0
1965,2024-01-04 16:13:00,470.48,470.46,470.46,470.61,130131.0
1966,2024-01-04 16:14:00,470.6,470.585,470.585,470.75,275253.0
1967,2024-01-04 16:15:00,470.76,470.71,470.71,470.74,229989.0
1968,2024-01-04 16:16:00,470.75,470.75,470.75,470.88,180458.0
1969,2024-01-04 16:17:00,470.88,470.755,470.755,470.78,134230.0
1970,2024-01-04 16:18:00,470.77,470.68,470.68,470.69,104507.0
1971,2024-01-04 16:19:00,470.7,470.6,470.6,470.6101,118423.0
1972,2024-01-04 16:20:00,470.62,470.615,470.615,470.695,102457.0
1973,2024-01-04 16:21:00,470.7,470.635,470.635,470.675,66319.0
1974,2024-01-04 16:22:00,470.675,470.652,470.652,470.72,77343.0
1975,2024-01-04 16:23:00,470.73,470.68,470.68,470.845,70784.0
1976,2024-01-04 16:24:00,470.835,470.79,470.79,470.85,131928.0
1977,2024-01-04 16:25:00,470.855,470.81,470.81,470.875,72236.0
1978,2024-01-04 16:26:00,470.88,470.88,470.88,470.905,85641.0
1979,2024-01-04 16:27:00,470.91,470.81,470.81,470.87,78848.0
1980,2024-01-04 16:28:00,470.86,470.775,470.775,470.795,129433.0
1981,2024-01-04 16:29:00,470.79,470.58,470.58,470.65,178492.0
1982,2024-01-04 16:30:00,470.66,470.4524,470.4524,470.56,221006.0
1983,2024-01-04 16:31:00,470.56,470.365,470.365,470.38,228959.0
1984,2024-01-04 16:32:00,470.375,470.3201,470.3201,470.45,138954.0
1985,2024-01-04 16:33:00,470.44,470.43,470.43,470.51,90812.0
1986,2024-01-04 16:34:00,470.51,470.41,470.41,470.465,60139.0
1987,2024-01-04 16:35:00,470.46,470.44,470.44,470.55,59927.0
1988,2024-01-04 16:36:00,470.56,470.56,470.56,470.68,48597.0
1989,2024-01-04 16:37:00,470.6817,470.68,470.68,470.78,99952.0
1990,2024-01-04 16:38:00,470.79,470.5,470.5,470.561,150817.0
1991,2024-01-04 16:39:00,470.557,470.4601,470.4601,470.55,75505.0
1992,2024-01-04 16:40:00,470.53,470.43,470.43,470.5,91629.0
1993,2024-01-04 16:41:00,470.5124,470.41,470.41,470.47,73630.0
1994,2024-01-04 16:42:00,470.465,470.285,470.285,470.32,133137.0
1995,2024-01-04 16:43:00,470.32,470.25,470.25,470.35,145648.0
1996,2024-01-04 16:44:00,470.34,470.29,470.29,470.2999,71360.0
1997,2024-01-04 16:45:00,470.3,470.19,470.19,470.29,105290.0
1998,2024-01-04 16:46:00,470.28,470.09,470.09,470.15,154595.0
1999,2024-01-04 16:47:00,470.16,470.07,470.07,470.13,81353.0
2000,2024-01-04 16:48:00,470.12,470.12,470.12,470.13,79401.0
2001,2024-01-04 16:49:00,470.12,470.02,470.02,470.04,98363.0
2002,2024-01-04 16:50:00,470.05,469.67,469.67,469.8304,241325.0
2003,2024-01-04 16:51:00,469.86,469.77,469.77,469.79,139522.0
2004,2024-01-04 16:52:00,469.79,469.46,469.46,469.59,251649.0
2005,2024-01-04 16:53:00,469.59,469.555,469.555,469.7099,157677.0
2006,2024-01-04 16:54:00,469.7,469.7,469.7,469.77,110979.0
2007,2024-01-04 16:55:00,469.77,469.63,469.63,469.765,115788.0
2008,2024-01-04 16:56:00,469.755,469.7,469.7,469.78,67802.0
2009,2024-01-04 16:57:00,469.785,469.74,469.74,469.76,62514.0
2010,2024-01-04 16:58:00,469.76,469.65,469.65,469.72,77856.0
2011,2024-01-04 16:59:00,469.73,469.6406,469.6406,469.72,67808.0
2012,2024-01-04 17:00:00,469.72,469.69,469.69,469.7597,58986.0
2013,2024-01-04 17:01:00,469.76,469.7,469.7,469.725,72505.0
2014,2024-01-04 17:02:00,469.72,469.45,469.45,469.49,108037.0
2015,2024-01-04 17:03:00,469.495,469.26,469.26,469.42,191599.0
2016,2024-01-04 17:04:00,469.42,469.4097,469.4097,469.57,94500.0
2017,2024-01-04 17:05:00,469.56,469.51,469.51,469.62,87292.0
2018,2024-01-04 17:06:00,469.59,469.43,469.43,469.45,65209.0
2019,2024-01-04 17:07:00,469.45,469.4205,469.4205,469.5,67859.0
2020,2024-01-04 17:08:00,469.51,469.375,469.375,469.44,153812.0
2021,2024-01-04 17:09:00,469.44,469.4001,469.4001,469.4812,67687.0
2022,2024-01-04 17:10:00,469.48,469.42,469.42,469.59,216970.0
2023,2024-01-04 17:11:00,469.6,469.568,469.568,469.63,97160.0
2024,2024-01-04 17:12:00,469.64,469.58,469.58,469.7097,67830.0
2025,2024-01-04 17:13:00,469.7,469.6701,469.6701,469.75,92221.0
2026,2024-01-04 17:14:00,469.75,469.6,469.6,469.6099,64040.0
2027,2024-01-04 17:15:00,469.6,469.52,469.52,469.565,139107.0
2028,2024-01-04 17:16:00,469.57,469.4201,469.4201,469.44,55889.0
2029,2024-01-04 17:17:00,469.45,469.35,469.35,469.46,62708.0
2030,2024-01-04 17:18:00,469.46,469.42,469.42,469.52,51013.0
2031,2024-01-04 17:19:00,469.52,469.46,469.46,469.5988,49486.0
2032,2024-01-04 17:20:00,469.61,469.55,469.55,469.7306,79969.0
2033,2024-01-04 17:21:00,469.73,469.54,469.54,469.5501,82652.0
2034,2024-01-04 17:22:00,469.56,469.48,469.48,469.5,57085.0
2035,2024-01-04 17:23:00,469.5,469.44,469.44,469.52,64205.0
2036,2024-01-04 17:24:00,469.52,469.42,469.42,469.47,117099.0
2037,2024-01-04 17:25:00,469.5,469.465,469.465,469.6101,55884.0
2038,2024-01-04 17:26:00,469.62,469.55,469.55,469.61,59029.0
2039,2024-01-04 17:27:00,469.61,469.61,469.61,469.69,53903.0
2040,2024-01-04 17:28:00,469.69,469.45,469.45,469.53,118183.0
2041,2024-01-04 17:29:00,469.52,469.52,469.52,469.61,83947.0
2042,2024-01-04 17:30:00,469.6088,469.335,469.335,469.34,99618.0
2043,2024-01-04 17:31:00,469.345,469.105,469.105,469.36,161082.0
2044,2024-01-04 17:32:00,469.35,469.19,469.19,469.31,167569.0
2045,2024-01-04 17:33:00,469.31,469.26,469.26,469.26,59161.0
2046,2024-01-04 17:34:00,469.26,469.1712,469.1712,469.21,40378.0
2047,2024-01-04 17:35:00,469.2,469.03,469.03,469.245,229249.0
2048,2024-01-04 17:36:00,469.25,469.24,469.24,469.35,82210.0
2049,2024-01-04 17:37:00,469.35,469.25,469.25,469.34,44026.0
2050,2024-01-04 17:38:00,469.35,469.345,469.345,469.435,92417.0
2051,2024-01-04 17:39:00,469.44,469.38,469.38,469.42,37644.0
2052,2024-01-04 17:40:00,469.41,469.25,469.25,469.275,63936.0
2053,2024-01-04 17:41:00,469.27,469.24,469.24,469.405,75800.0
2054,2024-01-04 17:42:00,469.41,469.35,469.35,469.39,80950.0
2055,2024-01-04 17:43:00,469.39,469.18,469.18,469.235,95997.0
2056,2024-01-04 17:44:00,469.24,468.92,468.92,469.0299,132995.0
2057,2024-01-04 17:45:00,469.03,468.665,468.665,468.7201,194937.0
2058,2024-01-04 17:46:00,468.7287,468.67,468.67,468.87,162714.0
2059,2024-01-04 17:47:00,468.88,468.81,468.81,468.915,64268.0
2060,2024-01-04 17:48:00,468.91,468.7901,468.7901,468.865,50975.0
2061,2024-01-04 17:49:00,468.88,468.84,468.84,469.015,84434.0
2062,2024-01-04 17:50:00,469.01,468.82,468.82,468.87,75661.0
2063,2024-01-04 17:51:00,468.865,468.8283,468.8283,468.91,47299.0
2064,2024-01-04 17:52:00,468.92,468.91,468.91,468.95,99002.0
2065,2024-01-04 17:53:00,468.96,468.96,468.96,469.13,214447.0
2066,2024-01-04 17:54:00,469.14,469.13,469.13,469.1869,77331.0
2067,2024-01-04 17:55:00,469.18,468.91,468.91,468.9395,89280.0
2068,2024-01-04 17:56:00,468.925,468.91,468.91,468.9297,74012.0
2069,2024-01-04 17:57:00,468.93,468.86,468.86,468.96,65130.0
2070,2024-01-04 17:58:00,468.95,468.91,468.91,469.045,79377.0
2071,2024-01-04 17:59:00,469.04,469.04,469.04,469.132,52928.0
2072,2024-01-04 18:00:00,469.13,469.04,469.04,469.04,51581.0
2073,2024-01-04 18:01:00,469.04,469.03,469.03,469.18,78338.0
2074,2024-01-04 18:02:00,469.18,469.06,469.06,469.06,42250.0
2075,2024-01-04 18:03:00,469.05,469.026,469.026,469.07,42953.0
2076,2024-01-04 18:04:00,469.0794,469.0794,469.0794,469.2297,54422.0
2077,2024-01-04 18:05:00,469.2216,469.13,469.13,469.151,89200.0
2078,2024-01-04 18:06:00,469.16,469.095,469.095,469.28,73819.0
2079,2024-01-04 18:07:00,469.29,469.17,469.17,469.215,131138.0
2080,2024-01-04 18:08:00,469.2,469.165,469.165,469.29,87726.0
2081,2024-01-04 18:09:00,469.28,469.25,469.25,469.27,47944.0
2082,2024-01-04 18:10:00,469.27,469.175,469.175,469.265,50002.0
2083,2024-01-04 18:11:00,469.265,469.13,469.13,469.1392,47291.0
2084,2024-01-04 18:12:00,469.139,468.97,468.97,469.0123,109310.0
2085,2024-01-04 18:13:00,469.03,468.98,468.98,469.21,49168.0
2086,2024-01-04 18:14:00,469.2098,469.2098,469.2098,469.2388,75069.0
2087,2024-01-04 18:15:00,469.22,469.12,469.12,469.13,63117.0
2088,2024-01-04 18:16:00,469.13,469.025,469.025,469.23,46753.0
2089,2024-01-04 18:17:00,469.24,469.22,469.22,469.273,35858.0
2090,2024-01-04 18:18:00,469.27,469.23,469.23,469.295,38001.0
2091,2024-01-04 18:19:00,469.28,469.13,469.13,469.1406,23612.0
2092,2024-01-04 18:20:00,469.13,469.1,469.1,469.2699,57510.0
2093,2024-01-04 18:21:00,469.28,469.22,469.22,469.27,29775.0
2094,2024-01-04 18:22:00,469.2699,469.16,469.16,469.22,43893.0
2095,2024-01-04 18:23:00,469.22,469.185,469.185,469.3283,60601.0
2096,2024-01-04 18:24:00,469.32,469.2,469.2,469.2201,69949.0
2097,2024-01-04 18:25:00,469.22,469.22,469.22,469.32,97449.0
2098,2024-01-04 18:26:00,469.32,469.3009,469.3009,469.405,100774.0
2099,2024-01-04 18:27:00,469.4,469.3,469.3,469.41,57225.0
2100,2024-01-04 18:28:00,469.41,469.26,469.26,469.29,59764.0
2101,2024-01-04 18:29:00,469.28,469.1903,469.1903,469.3201,40064.0
2102,2024-01-04 18:30:00,469.33,469.33,469.33,469.4202,43874.0
2103,2024-01-04 18:31:00,469.425,469.31,469.31,469.36,52066.0
2104,2024-01-04 18:32:00,469.34,469.2701,469.2701,469.36,36986.0
2105,2024-01-04 18:33:00,469.35,469.32,469.32,469.335,44767.0
2106,2024-01-04 18:34:00,469.33,469.21,469.21,469.325,105278.0
2107,2024-01-04 18:35:00,469.32,469.19,469.19,469.34,65819.0
2108,2024-01-04 18:36:00,469.335,469.2711,469.2711,469.38,69738.0
2109,2024-01-04 18:37:00,469.37,469.185,469.185,469.185,48375.0
2110,2024-01-04 18:38:00,469.19,469.08,469.08,469.142,156423.0
2111,2024-01-04 18:39:00,469.14,469.125,469.125,469.24,75243.0
2112,2024-01-04 18:40:00,469.235,469.23,469.23,469.295,42612.0
2113,2024-01-04 18:41:00,469.3,469.147,469.147,469.21,32541.0
2114,2024-01-04 18:42:00,469.2199,469.2199,469.2199,469.33,47592.0
2115,2024-01-04 18:43:00,469.34,469.26,469.26,469.35,40210.0
2116,2024-01-04 18:44:00,469.35,469.35,469.35,469.3808,61230.0
2117,2024-01-04 18:45:00,469.4,469.37,469.37,469.385,63521.0
2118,2024-01-04 18:46:00,469.39,469.31,469.31,469.32,54959.0
2119,2024-01-04 18:47:00,469.3,469.27,469.27,469.35,47300.0
2120,2024-01-04 18:48:00,469.35,469.285,469.285,469.44,48300.0
2121,2024-01-04 18:49:00,469.45,469.35,469.35,469.36,48650.0
2122,2024-01-04 18:50:00,469.36,469.36,469.36,469.4399,290015.0
2123,2024-01-04 18:51:00,469.43,469.165,469.165,469.201,46422.0
2124,2024-01-04 18:52:00,469.23,469.14,469.14,469.37,84069.0
2125,2024-01-04 18:53:00,469.37,469.2201,469.2201,469.33,68431.0
2126,2024-01-04 18:54:00,469.271,469.13,469.13,469.14,37196.0
2127,2024-01-04 18:55:00,469.15,469.1,469.1,469.13,63267.0
2128,2024-01-04 18:56:00,469.14,468.9701,468.9701,469.06,108578.0
2129,2024-01-04 18:57:00,469.06,469.06,469.06,469.24,64834.0
2130,2024-01-04 18:58:00,469.24,469.12,469.12,469.14,61338.0
2131,2024-01-04 18:59:00,469.14,469.02,469.02,469.07,47774.0
2132,2024-01-04 19:00:00,469.08,469.04,469.04,469.14,101604.0
2133,2024-01-04 19:01:00,469.14,469.13,469.13,469.31,128916.0
2134,2024-01-04 19:02:00,469.309,469.13,469.13,469.13,92477.0
2135,2024-01-04 19:03:00,469.12,468.97,468.97,469.04,111691.0
2136,2024-01-04 19:04:00,469.04,468.93,468.93,468.985,90201.0
2137,2024-01-04 19:05:00,468.99,468.91,468.91,468.99,222379.0
2138,2024-01-04 19:06:00,468.99,468.84,468.84,468.97,244752.0
2139,2024-01-04 19:07:00,468.97,468.95,468.95,469.06,194070.0
2140,2024-01-04 19:08:00,469.05,468.89,468.89,468.95,164691.0
2141,2024-01-04 19:09:00,468.94,468.84,468.84,468.86,146946.0
2142,2024-01-04 19:10:00,468.86,468.64,468.64,468.66,252154.0
2143,2024-01-04 19:11:00,468.645,468.6201,468.6201,468.7901,224590.0
2144,2024-01-04 19:12:00,468.81,468.72,468.72,468.92,140632.0
2145,2024-01-04 19:13:00,468.925,468.9,468.9,468.99,103388.0
2146,2024-01-04 19:14:00,468.99,468.91,468.91,468.9975,102492.0
2147,2024-01-04 19:15:00,468.99,468.97,468.97,469.11,384451.0
2148,2024-01-04 19:16:00,469.1108,468.93,468.93,469.015,88137.0
2149,2024-01-04 19:17:00,469.02,468.9199,468.9199,468.99,68110.0
2150,2024-01-04 19:18:00,468.98,468.965,468.965,469.0326,366635.0
2151,2024-01-04 19:19:00,469.03,468.74,468.74,468.74,120655.0
2152,2024-01-04 19:20:00,468.765,468.67,468.67,468.77,179686.0
2153,2024-01-04 19:21:00,468.78,468.73,468.73,468.86,118919.0
2154,2024-01-04 19:22:00,468.87,468.765,468.765,468.765,97945.0
2155,2024-01-04 19:23:00,468.76,468.64,468.64,468.705,190928.0
2156,2024-01-04 19:24:00,468.705,468.52,468.52,468.605,216708.0
2157,2024-01-04 19:25:00,468.605,468.5096,468.5096,468.6999,378390.0
2158,2024-01-04 19:26:00,468.69,468.535,468.535,468.63,118927.0
2159,2024-01-04 19:27:00,468.6301,468.58,468.58,468.63,91830.0
2160,2024-01-04 19:28:00,468.63,468.57,468.57,468.705,133500.0
2161,2024-01-04 19:29:00,468.71,468.54,468.54,468.5799,89605.0
2162,2024-01-04 19:30:00,468.57,468.41,468.41,468.45,171249.0
2163,2024-01-04 19:31:00,468.46,468.44,468.44,468.495,358990.0
2164,2024-01-04 19:32:00,468.5,468.43,468.43,468.47,132055.0
2165,2024-01-04 19:33:00,468.47,468.4,468.4,468.5212,407548.0
2166,2024-01-04 19:34:00,468.51,468.51,468.51,468.6,120388.0
2167,2024-01-04 19:35:00,468.58,468.435,468.435,468.58,82938.0
2168,2024-01-04 19:36:00,468.5701,468.4616,468.4616,468.53,67518.0
2169,2024-01-04 19:37:00,468.52,468.5,468.5,468.52,80763.0
2170,2024-01-04 19:38:00,468.52,468.4426,468.4426,468.4785,78196.0
2171,2024-01-04 19:39:00,468.46,468.413,468.413,468.51,70680.0
2172,2024-01-04 19:40:00,468.51,468.45,468.45,468.45,84677.0
2173,2024-01-04 19:41:00,468.45,468.37,468.37,468.4,370340.0
2174,2024-01-04 19:42:00,468.4,468.3499,468.3499,468.5,137590.0
2175,2024-01-04 19:43:00,468.5,468.365,468.365,468.395,119830.0
2176,2024-01-04 19:44:00,468.39,468.34,468.34,468.38,369307.0
2177,2024-01-04 19:45:00,468.37,468.17,468.17,468.28,208989.0
2178,2024-01-04 19:46:00,468.27,468.27,468.27,468.34,163079.0
2179,2024-01-04 19:47:00,468.34,468.33,468.33,468.3797,170722.0
2180,2024-01-04 19:48:00,468.37,468.36,468.36,468.5077,166064.0
2181,2024-01-04 19:49:00,468.5,468.45,468.45,468.645,226965.0
2182,2024-01-04 19:50:00,468.645,468.63,468.63,468.84,203104.0
2183,2024-01-04 19:51:00,468.83,468.79,468.79,468.87,120771.0
2184,2024-01-04 19:52:00,468.865,468.81,468.81,468.83,167404.0
2185,2024-01-04 19:53:00,468.82,468.71,468.71,468.71,196343.0
2186,2024-01-04 19:54:00,468.705,468.705,468.705,468.86,363020.0
2187,2024-01-04 19:55:00,468.85,468.805,468.805,468.92,152306.0
2188,2024-01-04 19:56:00,468.91,468.8,468.8,468.8,78068.0
2189,2024-01-04 19:57:00,468.7901,468.76,468.76,468.785,93640.0
2190,2024-01-04 19:58:00,468.78,468.6401,468.6401,468.67,93379.0
2191,2024-01-04 19:59:00,468.68,468.55,468.55,468.68,353708.0
2192,2024-01-04 20:00:00,468.6832,468.6,468.6,468.635,78333.0
2193,2024-01-04 20:01:00,468.63,468.53,468.53,468.57,83050.0
2194,2024-01-04 20:02:00,468.57,468.54,468.54,468.61,329539.0
2195,2024-01-04 20:03:00,468.62,468.41,468.41,468.4401,120293.0
2196,2024-01-04 20:04:00,468.431,468.3795,468.3795,468.4699,63463.0
2197,2024-01-04 20:05:00,468.47,468.4684,468.4684,468.67,168662.0
2198,2024-01-04 20:06:00,468.67,468.63,468.63,468.8,173786.0
2199,2024-01-04 20:07:00,468.81,468.7236,468.7236,468.765,104601.0
2200,2024-01-04 20:08:00,468.765,468.7,468.7,468.91,142491.0
2201,2024-01-04 20:09:00,468.905,468.86,468.86,468.98,222820.0
2202,2024-01-04 20:10:00,468.985,468.88,468.88,469.01,136947.0
2203,2024-01-04 20:11:00,469.01,468.8,468.8,468.815,143466.0
2204,2024-01-04 20:12:00,468.81,468.705,468.705,468.75,196478.0
2205,2024-01-04 20:13:00,468.76,468.7,468.7,468.73,133655.0
2206,2024-01-04 20:14:00,468.73,468.58,468.58,468.59,437314.0
2207,2024-01-04 20:15:00,468.59,468.46,468.46,468.48,480289.0
2208,2024-01-04 20:16:00,468.46,468.07,468.07,468.26,539687.0
2209,2024-01-04 20:17:00,468.27,468.175,468.175,468.25,149588.0
2210,2024-01-04 20:18:00,468.24,468.18,468.18,468.195,857223.0
2211,2024-01-04 20:19:00,468.19,468.18,468.18,468.33,246073.0
2212,2024-01-04 20:20:00,468.3201,468.23,468.23,468.33,134662.0
2213,2024-01-04 20:21:00,468.34,468.26,468.26,468.26,123888.0
2214,2024-01-04 20:22:00,468.26,468.13,468.13,468.19,152326.0
2215,2024-01-04 20:23:00,468.19,468.145,468.145,468.22,215830.0
2216,2024-01-04 20:24:00,468.22,468.185,468.185,468.23,116630.0
2217,2024-01-04 20:25:00,468.23,468.189,468.189,468.291,107799.0
2218,2024-01-04 20:26:00,468.29,468.1643,468.1643,468.185,116447.0
2219,2024-01-04 20:27:00,468.18,468.1,468.1,468.17,168747.0
2220,2024-01-04 20:28:00,468.17,468.075,468.075,468.08,269255.0
2221,2024-01-04 20:29:00,468.09,468.08,468.08,468.269,188410.0
2222,2024-01-04 20:30:00,468.26,468.1632,468.1632,468.23,209564.0
2223,2024-01-04 20:31:00,468.23,468.21,468.21,468.37,224097.0
2224,2024-01-04 20:32:00,468.37,468.34,468.34,468.54,334484.0
2225,2024-01-04 20:33:00,468.54,468.46,468.46,468.57,182611.0
2226,2024-01-04 20:34:00,468.56,468.425,468.425,468.505,163543.0
2227,2024-01-04 20:35:00,468.51,468.485,468.485,468.55,185100.0
2228,2024-01-04 20:36:00,468.55,468.47,468.47,468.515,150098.0
2229,2024-01-04 20:37:00,468.53,468.46,468.46,468.5101,165623.0
2230,2024-01-04 20:38:00,468.52,468.435,468.435,468.525,164760.0
2231,2024-01-04 20:39:00,468.52,468.47,468.47,468.515,178858.0
2232,2024-01-04 20:40:00,468.52,468.44,468.44,468.44,502274.0
2233,2024-01-04 20:41:00,468.44,468.43,468.43,468.445,171524.0
2234,2024-01-04 20:42:00,468.45,468.33,468.33,468.33,275632.0
2235,2024-01-04 20:43:00,468.34,468.2,468.2,468.29,278372.0
2236,2024-01-04 20:44:00,468.29,468.29,468.29,468.34,254382.0
2237,2024-01-04 20:45:00,468.34,468.265,468.265,468.32,524423.0
2238,2024-01-04 20:46:00,468.33,468.33,468.33,468.47,296327.0
2239,2024-01-04 20:47:00,468.47,468.25,468.25,468.2582,513193.0
2240,2024-01-04 20:48:00,468.25,468.145,468.145,468.15,351939.0
2241,2024-01-04 20:49:00,468.1511,467.81,467.81,467.835,578570.0
2242,2024-01-04 20:50:00,467.83,467.39,467.39,467.44,1030038.0
2243,2024-01-04 20:51:00,467.44,467.23,467.23,467.5116,804393.0
2244,2024-01-04 20:52:00,467.51,467.3,467.3,467.32,864699.0
2245,2024-01-04 20:53:00,467.32,467.155,467.155,467.2695,2029752.0
2246,2024-01-04 20:54:00,467.27,467.05,467.05,467.25,915185.0
2247,2024-01-04 20:55:00,467.25,467.05,467.05,467.21,1150503.0
2248,2024-01-04 20:56:00,467.205,467.2,467.2,467.3,1077932.0
2249,2024-01-04 20:57:00,467.31,467.17,467.17,467.18,1231607.0
2250,2024-01-04 20:58:00,467.19,467.185,467.185,467.28,985265.0
2251,2024-01-04 20:59:00,467.28,467.11,467.11,467.27,4164760.0
2252,2024-01-04 21:00:00,467.27,467.07,467.07,467.24,1023426.0
2253,2024-01-04 21:01:00,467.23,467.12,467.12,467.12,410151.0
2254,2024-01-04 21:02:00,467.11,467.08,467.08,467.26,104645.0
2255,2024-01-04 21:03:00,467.25,467.22,467.22,467.33,106587.0
2256,2024-01-04 21:04:00,467.33,467.32,467.32,467.58,56049.0
2257,2024-01-04 21:05:00,467.56,467.55,467.55,467.56,458915.0
2258,2024-01-04 21:06:00,467.54,467.52,467.52,467.56,74038.0
2259,2024-01-04 21:07:00,467.56,467.5,467.5,467.52,388077.0
2260,2024-01-04 21:08:00,467.51,467.1432,467.1432,467.51,3029390.0
2261,2024-01-04 21:09:00,467.51,467.38,467.38,467.39,1034740.0
2262,2024-01-04 21:10:00,467.38,467.34,467.34,467.36,6034845.0
2263,2024-01-04 21:11:00,467.36,467.34,467.34,467.39,27320.0
2264,2024-01-04 21:12:00,467.39,467.39,467.39,467.43,18713.0
2265,2024-01-04 21:13:00,467.44,467.33,467.33,467.33,28286.0
2266,2024-01-04 21:14:00,467.32,467.21,467.21,467.21,30436.0
2267,2024-01-04 21:15:00,467.21,467.2,467.2,467.33,55193.0
2268,2024-01-04 21:16:00,467.33,467.3,467.3,467.3,5358.0
2269,2024-01-04 21:17:00,467.33,467.28,467.28,467.3,23620.0
2270,2024-01-04 21:18:00,467.28,467.26,467.26,467.29,8994.0
2271,2024-01-04 21:19:00,467.28,467.28,467.28,467.32,35182.0
2272,2024-01-04 21:20:00,467.32,467.32,467.32,467.33,1202.0
2273,2024-01-04 21:21:00,467.33,467.33,467.33,467.35,99157.0
2274,2024-01-04 21:22:00,467.38,467.38,467.38,467.41,32682.0
2275,2024-01-04 21:23:00,467.42,467.42,467.42,467.49,5770.0
2276,2024-01-04 21:24:00,467.49,467.49,467.49,467.51,3978.0
2277,2024-01-04 21:25:00,467.52,467.51,467.51,467.52,4775.0
2278,2024-01-04 21:26:00,467.51,467.47,467.47,467.49,2298.0
2279,2024-01-04 21:27:00,467.49,467.49,467.49,467.53,22417.0
2280,2024-01-04 21:28:00,467.52,467.52,467.52,467.55,11609.0
2281,2024-01-04 21:29:00,467.55,467.54,467.54,467.54,996.0
2282,2024-01-04 21:30:00,467.55,467.53,467.53,467.53,593.0
2283,2024-01-04 21:31:00,467.53,467.53,467.53,467.58,610.0
2284,2024-01-04 21:32:00,467.55,467.55,467.55,467.56,1316.0
2285,2024-01-04 21:33:00,467.55,467.55,467.55,467.59,7925.0
2286,2024-01-04 21:35:00,467.57,467.57,467.57,467.57,1114.0
2287,2024-01-04 21:36:00,467.6,467.55,467.55,467.55,25271.0
2288,2024-01-04 21:37:00,467.56,467.53,467.53,467.54,11443.0
2289,2024-01-04 21:38:00,467.55,467.55,467.55,467.57,42777.0
2290,2024-01-04 21:39:00,467.58,467.55,467.55,467.59,47856.0
2291,2024-01-04 21:40:00,467.59,467.59,467.59,467.59,2640.0
2292,2024-01-04 21:41:00,467.58,467.54,467.54,467.59,17344.0
2293,2024-01-04 21:42:00,467.57,467.57,467.57,467.57,930.0
2294,2024-01-04 21:43:00,467.58,467.57,467.57,467.57,254549.0
2295,2024-01-04 21:44:00,467.58,467.58,467.58,467.58,1608.0
2296,2024-01-04 21:45:00,467.61,467.57,467.57,467.57,8610.0
2297,2024-01-04 21:46:00,467.57,467.56,467.56,467.59,19515.0
2298,2024-01-04 21:47:00,467.6,467.59,467.59,467.59,1792.0
2299,2024-01-04 21:48:00,467.57,467.57,467.57,467.59,934.0
2300,2024-01-04 21:49:00,467.59,467.59,467.59,467.59,5148.0
2301,2024-01-04 21:50:00,467.62,467.59,467.59,467.59,375.0
2302,2024-01-04 21:51:00,467.57,467.54,467.54,467.54,710.0
2303,2024-01-04 21:52:00,467.521,467.52,467.52,467.52,1603.0
2304,2024-01-04 21:53:00,467.51,467.5,467.5,467.53,6122.0
2305,2024-01-04 21:54:00,467.52,467.52,467.52,467.53,2084.0
2306,2024-01-04 21:55:00,467.52,467.5,467.5,467.5,1020.0
2307,2024-01-04 21:56:00,467.56,467.56,467.56,467.56,246.0
2308,2024-01-04 21:57:00,467.54,467.51,467.51,467.51,1480.0
2309,2024-01-04 21:58:00,467.51,467.5,467.5,467.55,2450.0
2310,2024-01-04 21:59:00,467.51,467.51,467.51,467.57,7619.0
2311,2024-01-04 22:00:00,467.57,467.57,467.57,467.57,251.0
2312,2024-01-04 22:01:00,467.63,467.62,467.62,467.62,344.0
2313,2024-01-04 22:02:00,467.62,467.6,467.6,467.62,899.0
2314,2024-01-04 22:03:00,467.62,467.62,467.62,467.62,1614.0
2315,2024-01-04 22:04:00,467.58,467.58,467.58,467.58,500.0
2316,2024-01-04 22:05:00,467.6,467.59,467.59,467.59,275.0
2317,2024-01-04 22:06:00,467.59,467.59,467.59,467.6,4811.0
2318,2024-01-04 22:07:00,467.62,467.6,467.6,467.6,720.0
2319,2024-01-04 22:08:00,467.55,467.55,467.55,467.55,322.0
2320,2024-01-04 22:09:00,467.59,467.59,467.59,467.59,321.0
2321,2024-01-04 22:10:00,467.6,467.6,467.6,467.6,205.0
2322,2024-01-04 22:11:00,467.6,467.6,467.6,467.6,210.0
2323,2024-01-04 22:12:00,467.6,467.6,467.6,467.6,329.0
2324,2024-01-04 22:13:00,467.5515,467.5515,467.5515,467.6,326.0
2325,2024-01-04 22:14:00,467.6,467.57,467.57,467.57,734.0
2326,2024-01-04 22:16:00,467.56,467.56,467.56,467.61,502.0
2327,2024-01-04 22:17:00,467.62,467.62,467.62,467.62,225.0
2328,2024-01-04 22:18:00,467.66,467.66,467.66,467.66,205.0
2329,2024-01-04 22:19:00,467.66,467.66,467.66,467.66,206.0
2330,2024-01-04 22:20:00,467.66,467.65,467.65,467.66,397.0
2331,2024-01-04 22:21:00,467.66,467.65,467.65,467.65,1556.0
2332,2024-01-04 22:22:00,467.6503,467.6503,467.6503,467.66,406.0
2333,2024-01-04 22:23:00,467.67,467.67,467.67,467.67,961.0
2334,2024-01-04 22:24:00,467.67,467.67,467.67,467.7,2375.0
2335,2024-01-04 22:25:00,467.69,467.69,467.69,467.69,295.0
2336,2024-01-04 22:26:00,467.69,467.6501,467.6501,467.6501,602.0
2337,2024-01-04 22:27:00,467.69,467.69,467.69,467.69,215.0
2338,2024-01-04 22:28:00,467.67,467.67,467.67,467.69,2053.0
2339,2024-01-04 22:29:00,467.7,467.69,467.69,467.69,2063.0
2340,2024-01-04 22:30:00,467.68,467.68,467.68,467.68,9456.0
2341,2024-01-04 22:31:00,467.69,467.68,467.68,467.68,551.0
2342,2024-01-04 22:32:00,467.657,467.657,467.657,467.68,1821.0
2343,2024-01-04 22:33:00,467.69,467.69,467.69,467.69,303.0
2344,2024-01-04 22:34:00,467.69,467.68,467.68,467.68,788.0
2345,2024-01-04 22:35:00,467.68,467.68,467.68,467.68,8404.0
2346,2024-01-04 22:36:00,467.69,467.69,467.69,467.69,206.0
2347,2024-01-04 22:37:00,467.69,467.69,467.69,467.69,262.0
2348,2024-01-04 22:38:00,467.69,467.69,467.69,467.69,364.0
2349,2024-01-04 22:39:00,467.69,467.28,467.28,467.69,2538.0
2350,2024-01-04 22:40:00,467.69,467.68,467.68,467.68,566.0
2351,2024-01-04 22:41:00,467.69,467.68,467.68,467.69,752.0
2352,2024-01-04 22:42:00,467.68,467.68,467.68,467.7,5178.0
2353,2024-01-04 22:43:00,467.7,467.7,467.7,467.7,547.0
2354,2024-01-04 22:44:00,467.71,467.71,467.71,467.71,228.0
2355,2024-01-04 22:46:00,467.71,467.71,467.71,467.71,212.0
2356,2024-01-04 22:47:00,467.68,467.68,467.68,467.68,3171.0
2357,2024-01-04 22:48:00,467.71,467.71,467.71,467.71,241.0
2358,2024-01-04 22:49:00,467.68,467.68,467.68,467.68,838.0
2359,2024-01-04 22:50:00,467.64,467.64,467.64,467.68,4393.0
2360,2024-01-04 22:51:00,467.68,467.68,467.68,467.68,242.0
2361,2024-01-04 22:52:00,467.68,467.65,467.65,467.65,851.0
2362,2024-01-04 22:53:00,467.6799,467.6799,467.6799,467.68,954.0
2363,2024-01-04 22:54:00,467.68,467.67,467.67,467.67,205.0
2364,2024-01-04 22:55:00,467.64,467.64,467.64,467.67,1067.0
2365,2024-01-04 22:56:00,467.64,467.64,467.64,467.67,877.0
2366,2024-01-04 22:57:00,467.67,467.67,467.67,467.71,3150.0
2367,2024-01-04 22:58:00,467.7,467.7,467.7,467.7,624.0
2368,2024-01-04 22:59:00,467.73,467.73,467.73,467.73,709.0
2369,2024-01-04 23:00:00,467.67,467.6,467.6,467.8,8101.0
2370,2024-01-04 23:01:00,467.8,467.78,467.78,467.82,4686.0
2371,2024-01-04 23:02:00,467.88,467.88,467.88,467.88,532.0
2372,2024-01-04 23:03:00,467.85,467.75,467.75,467.75,4607.0
2373,2024-01-04 23:04:00,467.8,467.8,467.8,467.8,423.0
2374,2024-01-04 23:05:00,467.83,467.81,467.81,467.83,2116.0
2375,2024-01-04 23:06:00,467.83,467.83,467.83,467.83,251.0
2376,2024-01-04 23:07:00,467.84,467.84,467.84,467.84,391.0
2377,2024-01-04 23:08:00,467.8,467.8,467.8,467.84,371.0
2378,2024-01-04 23:09:00,467.84,467.84,467.84,467.84,320.0
2379,2024-01-04 23:10:00,467.84,467.84,467.84,467.84,244.0
2380,2024-01-04 23:11:00,467.86,467.86,467.86,467.89,1872.0
2381,2024-01-04 23:12:00,467.89,467.89,467.89,467.89,951.0
2382,2024-01-04 23:13:00,467.96,467.9,467.9,467.95,603.0
2383,2024-01-04 23:14:00,467.95,467.94,467.94,467.94,1734.0
2384,2024-01-04 23:15:00,467.96,467.95,467.95,467.95,318.0
2385,2024-01-04 23:16:00,467.95,467.95,467.95,467.95,627.0
2386,2024-01-04 23:17:00,467.96,467.92,467.92,467.92,1145.0
2387,2024-01-04 23:18:00,467.94,467.94,467.94,467.94,264.0
2388,2024-01-04 23:19:00,467.96,467.94,467.94,467.94,1543.0
2389,2024-01-04 23:20:00,467.94,467.92,467.92,467.93,1266.0
2390,2024-01-04 23:21:00,467.93,467.88,467.88,467.9,796.0
2391,2024-01-04 23:22:00,467.9,467.88,467.88,467.88,802.0
2392,2024-01-04 23:24:00,467.88,467.88,467.88,467.9,987.0
2393,2024-01-04 23:25:00,467.9,467.89,467.89,467.89,311.0
2394,2024-01-04 23:26:00,467.9,467.9,467.9,467.9,225.0
2395,2024-01-04 23:27:00,467.86,467.86,467.86,467.87,407.0
2396,2024-01-04 23:28:00,467.85,467.85,467.85,467.89,215.0
2397,2024-01-04 23:29:00,467.89,467.87,467.87,467.87,374.0
2398,2024-01-04 23:30:00,467.8,467.77,467.77,467.78,2320.0
2399,2024-01-04 23:31:00,467.78,467.78,467.78,467.78,645.0
2400,2024-01-04 23:32:00,467.77,467.77,467.77,467.84,1348.0
2401,2024-01-04 23:33:00,467.89,467.88,467.88,467.88,527.0
2402,2024-01-04 23:34:00,467.9,467.9,467.9,467.9,759.0
2403,2024-01-04 23:35:00,467.88,467.88,467.88,467.88,184.0
2404,2024-01-04 23:37:00,467.88,467.88,467.88,467.93,1084.0
2405,2024-01-04 23:38:00,467.93,467.93,467.93,467.93,674.0
2406,2024-01-04 23:39:00,467.9495,467.921,467.921,467.949,1807.0
2407,2024-01-04 23:40:00,467.95,467.95,467.95,467.95,484.0
2408,2024-01-04 23:41:00,467.9,467.9,467.9,467.94,5285.0
2409,2024-01-04 23:44:00,467.89,467.88,467.88,467.88,729.0
2410,2024-01-04 23:46:00,467.8883,467.8408,467.8408,467.89,467.0
2411,2024-01-04 23:47:00,467.89,467.8898,467.8898,467.8898,316.0
2412,2024-01-04 23:48:00,467.89,467.8899,467.8899,467.91,544.0
2413,2024-01-04 23:50:00,467.86,467.85,467.85,467.85,205.0
2414,2024-01-04 23:51:00,467.8,467.8,467.8,467.8,167.0
2415,2024-01-04 23:53:00,467.8,467.8,467.8,467.8,312.0
2416,2024-01-04 23:55:00,467.83,467.799,467.799,467.799,410.0
2417,2024-01-04 23:59:00,467.79,467.75,467.75,467.75,917.0
2418,2024-01-05 00:00:00,467.74,467.72,467.72,467.72,5325.0
2419,2024-01-05 00:01:00,467.71,467.71,467.71,467.71,5075.0
2420,2024-01-05 00:02:00,467.72,467.72,467.72,467.72,922.0
2421,2024-01-05 00:06:00,467.79,467.79,467.79,467.79,432.0
2422,2024-01-05 00:08:00,467.73,467.73,467.73,467.73,126.0
2423,2024-01-05 00:11:00,467.75,467.71,467.71,467.71,342.0
2424,2024-01-05 00:19:00,467.85,467.85,467.85,467.85,252.0
2425,2024-01-05 00:20:00,467.87,467.87,467.87,467.87,106.0
2426,2024-01-05 00:21:00,467.87,467.83,467.83,467.83,469.0
2427,2024-01-05 00:22:00,467.89,467.89,467.89,467.89,137.0
2428,2024-01-05 00:23:00,467.83,467.81,467.81,467.81,5014.0
2429,2024-01-05 00:24:00,467.82,467.82,467.82,467.82,127.0
2430,2024-01-05 00:25:00,467.8499,467.83,467.83,467.83,1024.0
2431,2024-01-05 00:26:00,467.8,467.79,467.79,467.79,1072.0
2432,2024-01-05 00:35:00,467.92,467.92,467.92,467.92,8168.0
2433,2024-01-05 00:36:00,467.91,467.91,467.91,467.92,425.0
2434,2024-01-05 00:40:00,467.9,467.9,467.9,467.9,103.0
2435,2024-01-05 00:42:00,467.89,467.89,467.89,467.89,372.0
2436,2024-01-05 00:43:00,467.89,467.89,467.89,467.89,129.0
2437,2024-01-05 00:44:00,467.91,467.91,467.91,467.91,429.0
2438,2024-01-05 00:47:00,467.93,467.86,467.86,467.86,1325.0
2439,2024-01-05 00:48:00,467.91,467.87,467.87,467.87,352.0
2440,2024-01-05 00:49:00,467.9,467.9,467.9,467.9,171.0
2441,2024-01-05 00:52:00,467.89,467.89,467.89,467.89,250.0
2442,2024-01-05 00:53:00,467.89,467.89,467.89,467.89,106.0
2443,2024-01-05 00:55:00,467.89,467.85,467.85,467.86,7862.0
2444,2024-01-05 00:56:00,467.83,467.83,467.83,467.84,5444.0
2445,2024-01-05 00:57:00,467.82,467.8,467.8,467.8,544.0
2446,2024-01-05 00:58:00,467.8,467.78,467.78,467.8,1429.0
2447,2024-01-05 00:59:00,467.81,467.78,467.78,467.8,797.0
